From https://github.com/ihyowoen/SBTL_HUB
 * branch              main       -> FETCH_HEAD
OLD_OPS=4cae248411762e50e0398f29815cc7f811892fba0fd6d96791e5220972223dc2
OLD_FULL=59a008e9de72531d37afbfec1985ee038439bae3fb7c8e68cebdfc69a2641f9c
OLD_LEAN=bd39ee4ce75aa6251d212844b2492e9dcabe2ca9d8d24d7fa4c28f9687496708
ANCHOR_REBIND SNE: files=8 occurrences=35
ANCHOR_REBIND JP: files=8 occurrences=35
ANCHOR_REBIND total_occurrences=70
OPS_REBIND 4cae248411762e50e0398f29815cc7f811892fba0fd6d96791e5220972223dc2 -> bcf717b57b72575d9a390a1e84be266b159e8532eb3de6961637cab9f28960f6
OPS_HASH_REBIND files=3 occurrences=27
== pre-apply governance after anchor rebind ==
{
  "status": "PASS",
  "schema": "schemas/card-run.v1.schema.json",
  "instance": "runs/2026-09-08/sep7-r7-current-main-production-r1/card-run.json"
}
{
  "status": "PASS",
  "run_path": "runs/2026-09-08/sep7-r7-current-main-production-r1/card-run.json",
  "output_updated": "2026-09-08T11:30:00+09:00",
  "validated_stage_artifact_count": 168,
  "allowed_statuses": [
    "ACCEPTED_FACT_SAFE",
    "ACCEPTED_FACT_SAFE_AFTER_CONTROLLED_RESCUE",
    "ADDABLE_MERGE_SAFE",
    "CONTENT_ENRICHED",
    "CONTENT_ENRICHED_AND_LANGUAGE_TERMINOLOGY_POLISHED",
    "EVIDENCE_COMPLETE",
    "EVIDENCE_COMPLETE_AND_SOURCE_CLAIM_COVERED",
    "GITHUB_MERGE_READY",
    "LANGUAGE_TERMINOLOGY_POLISHED",
    "PASS",
    "PASSED",
    "PASS_WITH_DECLARED_RESIDUAL_RISK",
    "PASS_WITH_NOTES",
    "PASS_WITH_WARNINGS",
    "PUBLISH_READY",
    "SOURCE_CLAIM_COVERED",
    "VERIFIED"
  ],
  "completeness_binding": {
    "reference": "runs/2026-09-08/sep7-r7-current-main-production-r1/stage-0-7c.json",
    "run_id": "card-run-2026-09-08-sep7-r7-current-main-production-r1",
    "reviewed_operations_sha256": "bcf717b57b72575d9a390a1e84be266b159e8532eb3de6961637cab9f28960f6"
  },
  "artifacts": [
    {
      "reference": "runs/2026-09-08/sep7-r7-current-main-production-r1/stages/stage-a.json",
      "status": "PASS",
      "normalized_status": "PASS"
    },
    {
      "reference": "runs/2026-09-08/sep7-r7-current-main-production-r1/stages/stage-b.json",
      "status": "PASS",
      "normalized_status": "PASS"
    },
    {
      "reference": "runs/2026-09-08/sep7-r7-current-main-production-r1/stages/stage-c.json",
      "status": "PASS",
      "normalized_status": "PASS"
    },
    {
      "reference": "runs/2026-09-08/sep7-r7-current-main-production-r1/stages/stage-0-4.json",
      "status": "PASS",
      "normalized_status": "PASS"
    },
    {
      "reference": "runs/2026-09-08/sep7-r7-current-main-production-r1/stages/stage-0-5.json",
      "status": "PASS",
      "normalized_status": "PASS"
    },
    {
      "reference": "runs/2026-09-08/sep7-r7-current-main-production-r1/stages/stage-0-6.json",
      "status": "PASS",
      "normalized_status": "PASS"
    },
    {
      "reference": "runs/2026-09-08/sep7-r7-current-main-production-r1/stages/stage-0-7.json",
      "status": "PASS",
      "normalized_status": "PASS"
    },
    {
      "reference": "runs/2026-09-08/sep7-r7-current-main-production-r1/stages/stage-a.json",
      "status": "PASS",
      "normalized_status": "PASS"
    },
    {
      "reference": "runs/2026-09-08/sep7-r7-current-main-production-r1/stages/stage-b.json",
      "status": "PASS",
      "normalized_status": "PASS"
    },
    {
      "reference": "runs/2026-09-08/sep7-r7-current-main-production-r1/stages/stage-c.json",
      "status": "PASS",
      "normalized_status": "PASS"
    },
    {
      "reference": "runs/2026-09-08/sep7-r7-current-main-production-r1/stages/stage-0-4.json",
      "status": "PASS",
      "normalized_status": "PASS"
    },
    {
      "reference": "runs/2026-09-08/sep7-r7-current-main-production-r1/stages/stage-0-5.json",
      "status": "PASS",
      "normalized_status": "PASS"
    },
    {
      "reference": "runs/2026-09-08/sep7-r7-current-main-production-r1/stages/stage-0-6.json",
      "status": "PASS",
      "normalized_status": "PASS"
    },
    {
      "reference": "runs/2026-09-08/sep7-r7-current-main-production-r1/stages/stage-0-7.json",
      "status": "PASS",
      "normalized_status": "PASS"
    },
    {
      "reference": "runs/2026-09-08/sep7-r7-current-main-production-r1/stages/stage-a.json",
      "status": "PASS",
      "normalized_status": "PASS"
    },
    {
      "reference": "runs/2026-09-08/sep7-r7-current-main-production-r1/stages/stage-b.json",
      "status": "PASS",
      "normalized_status": "PASS"
    },
    {
      "reference": "runs/2026-09-08/sep7-r7-current-main-production-r1/stages/stage-c.json",
      "status": "PASS",
      "normalized_status": "PASS"
    },
    {
      "reference": "runs/2026-09-08/sep7-r7-current-main-production-r1/stages/stage-0-4.json",
      "status": "PASS",
      "normalized_status": "PASS"
    },
    {
      "reference": "runs/2026-09-08/sep7-r7-current-main-production-r1/stages/stage-0-5.json",
      "status": "PASS",
      "normalized_status": "PASS"
    },
    {
      "reference": "runs/2026-09-08/sep7-r7-current-main-production-r1/stages/stage-0-6.json",
      "status": "PASS",
      "normalized_status": "PASS"
    },
    {
      "reference": "runs/2026-09-08/sep7-r7-current-main-production-r1/stages/stage-0-7.json",
      "status": "PASS",
      "normalized_status": "PASS"
    },
    {
      "reference": "runs/2026-09-08/sep7-r7-current-main-production-r1/stages/stage-a.json",
      "status": "PASS",
      "normalized_status": "PASS"
    },
    {
      "reference": "runs/2026-09-08/sep7-r7-current-main-production-r1/stages/stage-b.json",
      "status": "PASS",
      "normalized_status": "PASS"
    },
    {
      "reference": "runs/2026-09-08/sep7-r7-current-main-production-r1/stages/stage-c.json",
      "status": "PASS",
      "normalized_status": "PASS"
    },
    {
      "reference": "runs/2026-09-08/sep7-r7-current-main-production-r1/stages/stage-0-4.json",
      "status": "PASS",
      "normalized_status": "PASS"
    },
    {
      "reference": "runs/2026-09-08/sep7-r7-current-main-production-r1/stages/stage-0-5.json",
      "status": "PASS",
      "normalized_status": "PASS"
    },
    {
      "reference": "runs/2026-09-08/sep7-r7-current-main-production-r1/stages/stage-0-6.json",
      "status": "PASS",
      "normalized_status": "PASS"
    },
    {
      "reference": "runs/2026-09-08/sep7-r7-current-main-production-r1/stages/stage-0-7.json",
      "status": "PASS",
      "normalized_status": "PASS"
    },
    {
      "reference": "runs/2026-09-08/sep7-r7-current-main-production-r1/stages/stage-a.json",
      "status": "PASS",
      "normalized_status": "PASS"
    },
    {
      "reference": "runs/2026-09-08/sep7-r7-current-main-production-r1/stages/stage-b.json",
      "status": "PASS",
      "normalized_status": "PASS"
    },
    {
      "reference": "runs/2026-09-08/sep7-r7-current-main-production-r1/stages/stage-c.json",
      "status": "PASS",
      "normalized_status": "PASS"
    },
    {
      "reference": "runs/2026-09-08/sep7-r7-current-main-production-r1/stages/stage-0-4.json",
      "status": "PASS",
      "normalized_status": "PASS"
    },
    {
      "reference": "runs/2026-09-08/sep7-r7-current-main-production-r1/stages/stage-0-5.json",
      "status": "PASS",
      "normalized_status": "PASS"
    },
    {
      "reference": "runs/2026-09-08/sep7-r7-current-main-production-r1/stages/stage-0-6.json",
      "status": "PASS",
      "normalized_status": "PASS"
    },
    {
      "reference": "runs/2026-09-08/sep7-r7-current-main-production-r1/stages/stage-0-7.json",
      "status": "PASS",
      "normalized_status": "PASS"
    },
    {
      "reference": "runs/2026-09-08/sep7-r7-current-main-production-r1/stages/stage-a.json",
      "status": "PASS",
      "normalized_status": "PASS"
    },
    {
      "reference": "runs/2026-09-08/sep7-r7-current-main-production-r1/stages/stage-b.json",
      "status": "PASS",
      "normalized_status": "PASS"
    },
    {
      "reference": "runs/2026-09-08/sep7-r7-current-main-production-r1/stages/stage-c.json",
      "status": "PASS",
      "normalized_status": "PASS"
    },
    {
      "reference": "runs/2026-09-08/sep7-r7-current-main-production-r1/stages/stage-0-4.json",
      "status": "PASS",
      "normalized_status": "PASS"
    },
    {
      "reference": "runs/2026-09-08/sep7-r7-current-main-production-r1/stages/stage-0-5.json",
      "status": "PASS",
      "normalized_status": "PASS"
    },
    {
      "reference": "runs/2026-09-08/sep7-r7-current-main-production-r1/stages/stage-0-6.json",
      "status": "PASS",
      "normalized_status": "PASS"
    },
    {
      "reference": "runs/2026-09-08/sep7-r7-current-main-production-r1/stages/stage-0-7.json",
      "status": "PASS",
      "normalized_status": "PASS"
    },
    {
      "reference": "runs/2026-09-08/sep7-r7-current-main-production-r1/stages/stage-a.json",
      "status": "PASS",
      "normalized_status": "PASS"
    },
    {
      "reference": "runs/2026-09-08/sep7-r7-current-main-production-r1/stages/stage-b.json",
      "status": "PASS",
      "normalized_status": "PASS"
    },
    {
      "reference": "runs/2026-09-08/sep7-r7-current-main-production-r1/stages/stage-c.json",
      "status": "PASS",
      "normalized_status": "PASS"
    },
    {
      "reference": "runs/2026-09-08/sep7-r7-current-main-production-r1/stages/stage-0-4.json",
      "status": "PASS",
      "normalized_status": "PASS"
    },
    {
      "reference": "runs/2026-09-08/sep7-r7-current-main-production-r1/stages/stage-0-5.json",
      "status": "PASS",
      "normalized_status": "PASS"
    },
    {
      "reference": "runs/2026-09-08/sep7-r7-current-main-production-r1/stages/stage-0-6.json",
      "status": "PASS",
      "normalized_status": "PASS"
    },
    {
      "reference": "runs/2026-09-08/sep7-r7-current-main-production-r1/stages/stage-0-7.json",
      "status": "PASS",
      "normalized_status": "PASS"
    },
    {
      "reference": "runs/2026-09-08/sep7-r7-current-main-production-r1/stages/stage-a.json",
      "status": "PASS",
      "normalized_status": "PASS"
    },
    {
      "reference": "runs/2026-09-08/sep7-r7-current-main-production-r1/stages/stage-b.json",
      "status": "PASS",
      "normalized_status": "PASS"
    },
    {
      "reference": "runs/2026-09-08/sep7-r7-current-main-production-r1/stages/stage-c.json",
      "status": "PASS",
      "normalized_status": "PASS"
    },
    {
      "reference": "runs/2026-09-08/sep7-r7-current-main-production-r1/stages/stage-0-4.json",
      "status": "PASS",
      "normalized_status": "PASS"
    },
    {
      "reference": "runs/2026-09-08/sep7-r7-current-main-production-r1/stages/stage-0-5.json",
      "status": "PASS",
      "normalized_status": "PASS"
    },
    {
      "reference": "runs/2026-09-08/sep7-r7-current-main-production-r1/stages/stage-0-6.json",
      "status": "PASS",
      "normalized_status": "PASS"
    },
    {
      "reference": "runs/2026-09-08/sep7-r7-current-main-production-r1/stages/stage-0-7.json",
      "status": "PASS",
      "normalized_status": "PASS"
    },
    {
      "reference": "runs/2026-09-08/sep7-r7-current-main-production-r1/stages/stage-a.json",
      "status": "PASS",
      "normalized_status": "PASS"
    },
    {
      "reference": "runs/2026-09-08/sep7-r7-current-main-production-r1/stages/stage-b.json",
      "status": "PASS",
      "normalized_status": "PASS"
    },
    {
      "reference": "runs/2026-09-08/sep7-r7-current-main-production-r1/stages/stage-c.json",
      "status": "PASS",
      "normalized_status": "PASS"
    },
    {
      "reference": "runs/2026-09-08/sep7-r7-current-main-production-r1/stages/stage-0-4.json",
      "status": "PASS",
      "normalized_status": "PASS"
    },
    {
      "reference": "runs/2026-09-08/sep7-r7-current-main-production-r1/stages/stage-0-5.json",
      "status": "PASS",
      "normalized_status": "PASS"
    },
    {
      "reference": "runs/2026-09-08/sep7-r7-current-main-production-r1/stages/stage-0-6.json",
      "status": "PASS",
      "normalized_status": "PASS"
    },
    {
      "reference": "runs/2026-09-08/sep7-r7-current-main-production-r1/stages/stage-0-7.json",
      "status": "PASS",
      "normalized_status": "PASS"
    },
    {
      "reference": "runs/2026-09-08/sep7-r7-current-main-production-r1/stages/stage-a.json",
      "status": "PASS",
      "normalized_status": "PASS"
    },
    {
      "reference": "runs/2026-09-08/sep7-r7-current-main-production-r1/stages/stage-b.json",
      "status": "PASS",
      "normalized_status": "PASS"
    },
    {
      "reference": "runs/2026-09-08/sep7-r7-current-main-production-r1/stages/stage-c.json",
      "status": "PASS",
      "normalized_status": "PASS"
    },
    {
      "reference": "runs/2026-09-08/sep7-r7-current-main-production-r1/stages/stage-0-4.json",
      "status": "PASS",
      "normalized_status": "PASS"
    },
    {
      "reference": "runs/2026-09-08/sep7-r7-current-main-production-r1/stages/stage-0-5.json",
      "status": "PASS",
      "normalized_status": "PASS"
    },
    {
      "reference": "runs/2026-09-08/sep7-r7-current-main-production-r1/stages/stage-0-6.json",
      "status": "PASS",
      "normalized_status": "PASS"
    },
    {
      "reference": "runs/2026-09-08/sep7-r7-current-main-production-r1/stages/stage-0-7.json",
      "status": "PASS",
      "normalized_status": "PASS"
    },
    {
      "reference": "runs/2026-09-08/sep7-r7-current-main-production-r1/stages/stage-a.json",
      "status": "PASS",
      "normalized_status": "PASS"
    },
    {
      "reference": "runs/2026-09-08/sep7-r7-current-main-production-r1/stages/stage-b.json",
      "status": "PASS",
      "normalized_status": "PASS"
    },
    {
      "reference": "runs/2026-09-08/sep7-r7-current-main-production-r1/stages/stage-c.json",
      "status": "PASS",
      "normalized_status": "PASS"
    },
    {
      "reference": "runs/2026-09-08/sep7-r7-current-main-production-r1/stages/stage-0-4.json",
      "status": "PASS",
      "normalized_status": "PASS"
    },
    {
      "reference": "runs/2026-09-08/sep7-r7-current-main-production-r1/stages/stage-0-5.json",
      "status": "PASS",
      "normalized_status": "PASS"
    },
    {
      "reference": "runs/2026-09-08/sep7-r7-current-main-production-r1/stages/stage-0-6.json",
      "status": "PASS",
      "normalized_status": "PASS"
    },
    {
      "reference": "runs/2026-09-08/sep7-r7-current-main-production-r1/stages/stage-0-7.json",
      "status": "PASS",
      "normalized_status": "PASS"
    },
    {
      "reference": "runs/2026-09-08/sep7-r7-current-main-production-r1/stages/stage-a.json",
      "status": "PASS",
      "normalized_status": "PASS"
    },
    {
      "reference": "runs/2026-09-08/sep7-r7-current-main-production-r1/stages/stage-b.json",
      "status": "PASS",
      "normalized_status": "PASS"
    },
    {
      "reference": "runs/2026-09-08/sep7-r7-current-main-production-r1/stages/stage-c.json",
      "status": "PASS",
      "normalized_status": "PASS"
    },
    {
      "reference": "runs/2026-09-08/sep7-r7-current-main-production-r1/stages/stage-0-4.json",
      "status": "PASS",
      "normalized_status": "PASS"
    },
    {
      "reference": "runs/2026-09-08/sep7-r7-current-main-production-r1/stages/stage-0-5.json",
      "status": "PASS",
      "normalized_status": "PASS"
    },
    {
      "reference": "runs/2026-09-08/sep7-r7-current-main-production-r1/stages/stage-0-6.json",
      "status": "PASS",
      "normalized_status": "PASS"
    },
    {
      "reference": "runs/2026-09-08/sep7-r7-current-main-production-r1/stages/stage-0-7.json",
      "status": "PASS",
      "normalized_status": "PASS"
    },
    {
      "reference": "runs/2026-09-08/sep7-r7-current-main-production-r1/stages/stage-a.json",
      "status": "PASS",
      "normalized_status": "PASS"
    },
    {
      "reference": "runs/2026-09-08/sep7-r7-current-main-production-r1/stages/stage-b.json",
      "status": "PASS",
      "normalized_status": "PASS"
    },
    {
      "reference": "runs/2026-09-08/sep7-r7-current-main-production-r1/stages/stage-c.json",
      "status": "PASS",
      "normalized_status": "PASS"
    },
    {
      "reference": "runs/2026-09-08/sep7-r7-current-main-production-r1/stages/stage-0-4.json",
      "status": "PASS",
      "normalized_status": "PASS"
    },
    {
      "reference": "runs/2026-09-08/sep7-r7-current-main-production-r1/stages/stage-0-5.json",
      "status": "PASS",
      "normalized_status": "PASS"
    },
    {
      "reference": "runs/2026-09-08/sep7-r7-current-main-production-r1/stages/stage-0-6.json",
      "status": "PASS",
      "normalized_status": "PASS"
    },
    {
      "reference": "runs/2026-09-08/sep7-r7-current-main-production-r1/stages/stage-0-7.json",
      "status": "PASS",
      "normalized_status": "PASS"
    },
    {
      "reference": "runs/2026-09-08/sep7-r7-current-main-production-r1/stages/stage-a.json",
      "status": "PASS",
      "normalized_status": "PASS"
    },
    {
      "reference": "runs/2026-09-08/sep7-r7-current-main-production-r1/stages/stage-b.json",
      "status": "PASS",
      "normalized_status": "PASS"
    },
    {
      "reference": "runs/2026-09-08/sep7-r7-current-main-production-r1/stages/stage-c.json",
      "status": "PASS",
      "normalized_status": "PASS"
    },
    {
      "reference": "runs/2026-09-08/sep7-r7-current-main-production-r1/stages/stage-0-4.json",
      "status": "PASS",
      "normalized_status": "PASS"
    },
    {
      "reference": "runs/2026-09-08/sep7-r7-current-main-production-r1/stages/stage-0-5.json",
      "status": "PASS",
      "normalized_status": "PASS"
    },
    {
      "reference": "runs/2026-09-08/sep7-r7-current-main-production-r1/stages/stage-0-6.json",
      "status": "PASS",
      "normalized_status": "PASS"
    },
    {
      "reference": "runs/2026-09-08/sep7-r7-current-main-production-r1/stages/stage-0-7.json",
      "status": "PASS",
      "normalized_status": "PASS"
    },
    {
      "reference": "runs/2026-09-08/sep7-r7-current-main-production-r1/stages/stage-a.json",
      "status": "PASS",
      "normalized_status": "PASS"
    },
    {
      "reference": "runs/2026-09-08/sep7-r7-current-main-production-r1/stages/stage-b.json",
      "status": "PASS",
      "normalized_status": "PASS"
    },
    {
      "reference": "runs/2026-09-08/sep7-r7-current-main-production-r1/stages/stage-c.json",
      "status": "PASS",
      "normalized_status": "PASS"
    },
    {
      "reference": "runs/2026-09-08/sep7-r7-current-main-production-r1/stages/stage-0-4.json",
      "status": "PASS",
      "normalized_status": "PASS"
    },
    {
      "reference": "runs/2026-09-08/sep7-r7-current-main-production-r1/stages/stage-0-5.json",
      "status": "PASS",
      "normalized_status": "PASS"
    },
    {
      "reference": "runs/2026-09-08/sep7-r7-current-main-production-r1/stages/stage-0-6.json",
      "status": "PASS",
      "normalized_status": "PASS"
    },
    {
      "reference": "runs/2026-09-08/sep7-r7-current-main-production-r1/stages/stage-0-7.json",
      "status": "PASS",
      "normalized_status": "PASS"
    },
    {
      "reference": "runs/2026-09-08/sep7-r7-current-main-production-r1/stages/stage-a.json",
      "status": "PASS",
      "normalized_status": "PASS"
    },
    {
      "reference": "runs/2026-09-08/sep7-r7-current-main-production-r1/stages/stage-b.json",
      "status": "PASS",
      "normalized_status": "PASS"
    },
    {
      "reference": "runs/2026-09-08/sep7-r7-current-main-production-r1/stages/stage-c.json",
      "status": "PASS",
      "normalized_status": "PASS"
    },
    {
      "reference": "runs/2026-09-08/sep7-r7-current-main-production-r1/stages/stage-0-4.json",
      "status": "PASS",
      "normalized_status": "PASS"
    },
    {
      "reference": "runs/2026-09-08/sep7-r7-current-main-production-r1/stages/stage-0-5.json",
      "status": "PASS",
      "normalized_status": "PASS"
    },
    {
      "reference": "runs/2026-09-08/sep7-r7-current-main-production-r1/stages/stage-0-6.json",
      "status": "PASS",
      "normalized_status": "PASS"
    },
    {
      "reference": "runs/2026-09-08/sep7-r7-current-main-production-r1/stages/stage-0-7.json",
      "status": "PASS",
      "normalized_status": "PASS"
    },
    {
      "reference": "runs/2026-09-08/sep7-r7-current-main-production-r1/stages/stage-a.json",
      "status": "PASS",
      "normalized_status": "PASS"
    },
    {
      "reference": "runs/2026-09-08/sep7-r7-current-main-production-r1/stages/stage-b.json",
      "status": "PASS",
      "normalized_status": "PASS"
    },
    {
      "reference": "runs/2026-09-08/sep7-r7-current-main-production-r1/stages/stage-c.json",
      "status": "PASS",
      "normalized_status": "PASS"
    },
    {
      "reference": "runs/2026-09-08/sep7-r7-current-main-production-r1/stages/stage-0-4.json",
      "status": "PASS",
      "normalized_status": "PASS"
    },
    {
      "reference": "runs/2026-09-08/sep7-r7-current-main-production-r1/stages/stage-0-5.json",
      "status": "PASS",
      "normalized_status": "PASS"
    },
    {
      "reference": "runs/2026-09-08/sep7-r7-current-main-production-r1/stages/stage-0-6.json",
      "status": "PASS",
      "normalized_status": "PASS"
    },
    {
      "reference": "runs/2026-09-08/sep7-r7-current-main-production-r1/stages/stage-0-7.json",
      "status": "PASS",
      "normalized_status": "PASS"
    },
    {
      "reference": "runs/2026-09-08/sep7-r7-current-main-production-r1/stages/stage-a.json",
      "status": "PASS",
      "normalized_status": "PASS"
    },
    {
      "reference": "runs/2026-09-08/sep7-r7-current-main-production-r1/stages/stage-b.json",
      "status": "PASS",
      "normalized_status": "PASS"
    },
    {
      "reference": "runs/2026-09-08/sep7-r7-current-main-production-r1/stages/stage-c.json",
      "status": "PASS",
      "normalized_status": "PASS"
    },
    {
      "reference": "runs/2026-09-08/sep7-r7-current-main-production-r1/stages/stage-0-4.json",
      "status": "PASS",
      "normalized_status": "PASS"
    },
    {
      "reference": "runs/2026-09-08/sep7-r7-current-main-production-r1/stages/stage-0-5.json",
      "status": "PASS",
      "normalized_status": "PASS"
    },
    {
      "reference": "runs/2026-09-08/sep7-r7-current-main-production-r1/stages/stage-0-6.json",
      "status": "PASS",
      "normalized_status": "PASS"
    },
    {
      "reference": "runs/2026-09-08/sep7-r7-current-main-production-r1/stages/stage-0-7.json",
      "status": "PASS",
      "normalized_status": "PASS"
    },
    {
      "reference": "runs/2026-09-08/sep7-r7-current-main-production-r1/stages/stage-a-promotion3.json",
      "status": "PASS",
      "normalized_status": "PASS"
    },
    {
      "reference": "runs/2026-09-08/sep7-r7-current-main-production-r1/stages/stage-b.json",
      "status": "PASS",
      "normalized_status": "PASS"
    },
    {
      "reference": "runs/2026-09-08/sep7-r7-current-main-production-r1/stages/stage-c.json",
      "status": "PASS",
      "normalized_status": "PASS"
    },
    {
      "reference": "runs/2026-09-08/sep7-r7-current-main-production-r1/stages/stage-0-4.json",
      "status": "PASS",
      "normalized_status": "PASS"
    },
    {
      "reference": "runs/2026-09-08/sep7-r7-current-main-production-r1/stages/stage-0-5.json",
      "status": "PASS",
      "normalized_status": "PASS"
    },
    {
      "reference": "runs/2026-09-08/sep7-r7-current-main-production-r1/stages/stage-0-6.json",
      "status": "PASS",
      "normalized_status": "PASS"
    },
    {
      "reference": "runs/2026-09-08/sep7-r7-current-main-production-r1/stages/stage-0-7.json",
      "status": "PASS",
      "normalized_status": "PASS"
    },
    {
      "reference": "runs/2026-09-08/sep7-r7-current-main-production-r1/stages/stage-a-promotion3.json",
      "status": "PASS",
      "normalized_status": "PASS"
    },
    {
      "reference": "runs/2026-09-08/sep7-r7-current-main-production-r1/stages/stage-b.json",
      "status": "PASS",
      "normalized_status": "PASS"
    },
    {
      "reference": "runs/2026-09-08/sep7-r7-current-main-production-r1/stages/stage-c.json",
      "status": "PASS",
      "normalized_status": "PASS"
    },
    {
      "reference": "runs/2026-09-08/sep7-r7-current-main-production-r1/stages/stage-0-4.json",
      "status": "PASS",
      "normalized_status": "PASS"
    },
    {
      "reference": "runs/2026-09-08/sep7-r7-current-main-production-r1/stages/stage-0-5.json",
      "status": "PASS",
      "normalized_status": "PASS"
    },
    {
      "reference": "runs/2026-09-08/sep7-r7-current-main-production-r1/stages/stage-0-6.json",
      "status": "PASS",
      "normalized_status": "PASS"
    },
    {
      "reference": "runs/2026-09-08/sep7-r7-current-main-production-r1/stages/stage-0-7.json",
      "status": "PASS",
      "normalized_status": "PASS"
    },
    {
      "reference": "runs/2026-09-08/sep7-r7-current-main-production-r1/stages/stage-a-promotion3.json",
      "status": "PASS",
      "normalized_status": "PASS"
    },
    {
      "reference": "runs/2026-09-08/sep7-r7-current-main-production-r1/stages/stage-b.json",
      "status": "PASS",
      "normalized_status": "PASS"
    },
    {
      "reference": "runs/2026-09-08/sep7-r7-current-main-production-r1/stages/stage-c.json",
      "status": "PASS",
      "normalized_status": "PASS"
    },
    {
      "reference": "runs/2026-09-08/sep7-r7-current-main-production-r1/stages/stage-0-4.json",
      "status": "PASS",
      "normalized_status": "PASS"
    },
    {
      "reference": "runs/2026-09-08/sep7-r7-current-main-production-r1/stages/stage-0-5.json",
      "status": "PASS",
      "normalized_status": "PASS"
    },
    {
      "reference": "runs/2026-09-08/sep7-r7-current-main-production-r1/stages/stage-0-6.json",
      "status": "PASS",
      "normalized_status": "PASS"
    },
    {
      "reference": "runs/2026-09-08/sep7-r7-current-main-production-r1/stages/stage-0-7.json",
      "status": "PASS",
      "normalized_status": "PASS"
    },
    {
      "reference": "runs/2026-09-08/sep7-r7-current-main-production-r1/stages/stage-a.json",
      "status": "PASS",
      "normalized_status": "PASS"
    },
    {
      "reference": "runs/2026-09-08/sep7-r7-current-main-production-r1/stages/stage-b.json",
      "status": "PASS",
      "normalized_status": "PASS"
    },
    {
      "reference": "runs/2026-09-08/sep7-r7-current-main-production-r1/stages/stage-c.json",
      "status": "PASS",
      "normalized_status": "PASS"
    },
    {
      "reference": "runs/2026-09-08/sep7-r7-current-main-production-r1/stages/stage-0-4.json",
      "status": "PASS",
      "normalized_status": "PASS"
    },
    {
      "reference": "runs/2026-09-08/sep7-r7-current-main-production-r1/stages/stage-0-5.json",
      "status": "PASS",
      "normalized_status": "PASS"
    },
    {
      "reference": "runs/2026-09-08/sep7-r7-current-main-production-r1/stages/stage-0-6.json",
      "status": "PASS",
      "normalized_status": "PASS"
    },
    {
      "reference": "runs/2026-09-08/sep7-r7-current-main-production-r1/stages/stage-0-7.json",
      "status": "PASS",
      "normalized_status": "PASS"
    },
    {
      "reference": "runs/2026-09-08/sep7-r7-current-main-production-r1/stages/stage-a.json",
      "status": "PASS",
      "normalized_status": "PASS"
    },
    {
      "reference": "runs/2026-09-08/sep7-r7-current-main-production-r1/stages/stage-b.json",
      "status": "PASS",
      "normalized_status": "PASS"
    },
    {
      "reference": "runs/2026-09-08/sep7-r7-current-main-production-r1/stages/stage-c.json",
      "status": "PASS",
      "normalized_status": "PASS"
    },
    {
      "reference": "runs/2026-09-08/sep7-r7-current-main-production-r1/stages/stage-0-4.json",
      "status": "PASS",
      "normalized_status": "PASS"
    },
    {
      "reference": "runs/2026-09-08/sep7-r7-current-main-production-r1/stages/stage-0-5.json",
      "status": "PASS",
      "normalized_status": "PASS"
    },
    {
      "reference": "runs/2026-09-08/sep7-r7-current-main-production-r1/stages/stage-0-6.json",
      "status": "PASS",
      "normalized_status": "PASS"
    },
    {
      "reference": "runs/2026-09-08/sep7-r7-current-main-production-r1/stages/stage-0-7.json",
      "status": "PASS",
      "normalized_status": "PASS"
    },
    {
      "reference": "runs/2026-09-08/sep7-r7-current-main-production-r1/stages/stage-a.json",
      "status": "PASS",
      "normalized_status": "PASS"
    },
    {
      "reference": "runs/2026-09-08/sep7-r7-current-main-production-r1/stages/stage-b.json",
      "status": "PASS",
      "normalized_status": "PASS"
    },
    {
      "reference": "runs/2026-09-08/sep7-r7-current-main-production-r1/stages/stage-c.json",
      "status": "PASS",
      "normalized_status": "PASS"
    },
    {
      "reference": "runs/2026-09-08/sep7-r7-current-main-production-r1/stages/stage-0-4.json",
      "status": "PASS",
      "normalized_status": "PASS"
    },
    {
      "reference": "runs/2026-09-08/sep7-r7-current-main-production-r1/stages/stage-0-5.json",
      "status": "PASS",
      "normalized_status": "PASS"
    },
    {
      "reference": "runs/2026-09-08/sep7-r7-current-main-production-r1/stages/stage-0-6.json",
      "status": "PASS",
      "normalized_status": "PASS"
    },
    {
      "reference": "runs/2026-09-08/sep7-r7-current-main-production-r1/stages/stage-0-7.json",
      "status": "PASS",
      "normalized_status": "PASS"
    }
  ]
}
PASS: 168 stage artifacts pass; Stage 0.7C is bound to card-run-2026-09-08-sep7-r7-current-main-production-r1; output_updated is RFC3339
{
  "status": "PASS",
  "stage_artifacts_validated": 168,
  "operations_with_complete_stage_chain": 24,
  "authoritative_binding": "PASS"
}
PASS: formal V4 hardening; stage artifacts validated=168; operations=24; baseline/Related binding=PASS
{
  "status": "PASS",
  "run_path": "runs/2026-09-08/sep7-r7-current-main-production-r1/card-run.json",
  "validated_artifact_count": 171,
  "artifacts": [
    {
      "kind": "run_level_governance",
      "reference": "runs/2026-09-08/sep7-r7-current-main-production-r1/stage-0-0d.json",
      "markers": [
        {
          "field": "status",
          "raw": "PASS",
          "normalized": "PASS"
        }
      ]
    },
    {
      "kind": "run_level_governance",
      "reference": "runs/2026-09-08/sep7-r7-current-main-production-r1/stage-0-0c.json",
      "markers": [
        {
          "field": "status",
          "raw": "PASS",
          "normalized": "PASS"
        }
      ]
    },
    {
      "kind": "run_level_governance",
      "reference": "runs/2026-09-08/sep7-r7-current-main-production-r1/stage-0-7c.json",
      "markers": [
        {
          "field": "status",
          "raw": "PASS_WITH_DECLARED_RESIDUAL_RISK",
          "normalized": "PASS_WITH_DECLARED_RESIDUAL_RISK"
        }
      ]
    },
    {
      "kind": "operation_stage",
      "reference": "runs/2026-09-08/sep7-r7-current-main-production-r1/stages/stage-a.json",
      "markers": [
        {
          "field": "status",
          "raw": "PASS",
          "normalized": "PASS"
        }
      ]
    },
    {
      "kind": "operation_stage",
      "reference": "runs/2026-09-08/sep7-r7-current-main-production-r1/stages/stage-b.json",
      "markers": [
        {
          "field": "status",
          "raw": "PASS",
          "normalized": "PASS"
        }
      ]
    },
    {
      "kind": "operation_stage",
      "reference": "runs/2026-09-08/sep7-r7-current-main-production-r1/stages/stage-c.json",
      "markers": [
        {
          "field": "status",
          "raw": "PASS",
          "normalized": "PASS"
        }
      ]
    },
    {
      "kind": "operation_stage",
      "reference": "runs/2026-09-08/sep7-r7-current-main-production-r1/stages/stage-0-4.json",
      "markers": [
        {
          "field": "status",
          "raw": "PASS",
          "normalized": "PASS"
        }
      ]
    },
    {
      "kind": "operation_stage",
      "reference": "runs/2026-09-08/sep7-r7-current-main-production-r1/stages/stage-0-5.json",
      "markers": [
        {
          "field": "status",
          "raw": "PASS",
          "normalized": "PASS"
        }
      ]
    },
    {
      "kind": "operation_stage",
      "reference": "runs/2026-09-08/sep7-r7-current-main-production-r1/stages/stage-0-6.json",
      "markers": [
        {
          "field": "status",
          "raw": "PASS",
          "normalized": "PASS"
        }
      ]
    },
    {
      "kind": "operation_stage",
      "reference": "runs/2026-09-08/sep7-r7-current-main-production-r1/stages/stage-0-7.json",
      "markers": [
        {
          "field": "status",
          "raw": "PASS",
          "normalized": "PASS"
        }
      ]
    },
    {
      "kind": "operation_stage",
      "reference": "runs/2026-09-08/sep7-r7-current-main-production-r1/stages/stage-a.json",
      "markers": [
        {
          "field": "status",
          "raw": "PASS",
          "normalized": "PASS"
        }
      ]
    },
    {
      "kind": "operation_stage",
      "reference": "runs/2026-09-08/sep7-r7-current-main-production-r1/stages/stage-b.json",
      "markers": [
        {
          "field": "status",
          "raw": "PASS",
          "normalized": "PASS"
        }
      ]
    },
    {
      "kind": "operation_stage",
      "reference": "runs/2026-09-08/sep7-r7-current-main-production-r1/stages/stage-c.json",
      "markers": [
        {
          "field": "status",
          "raw": "PASS",
          "normalized": "PASS"
        }
      ]
    },
    {
      "kind": "operation_stage",
      "reference": "runs/2026-09-08/sep7-r7-current-main-production-r1/stages/stage-0-4.json",
      "markers": [
        {
          "field": "status",
          "raw": "PASS",
          "normalized": "PASS"
        }
      ]
    },
    {
      "kind": "operation_stage",
      "reference": "runs/2026-09-08/sep7-r7-current-main-production-r1/stages/stage-0-5.json",
      "markers": [
        {
          "field": "status",
          "raw": "PASS",
          "normalized": "PASS"
        }
      ]
    },
    {
      "kind": "operation_stage",
      "reference": "runs/2026-09-08/sep7-r7-current-main-production-r1/stages/stage-0-6.json",
      "markers": [
        {
          "field": "status",
          "raw": "PASS",
          "normalized": "PASS"
        }
      ]
    },
    {
      "kind": "operation_stage",
      "reference": "runs/2026-09-08/sep7-r7-current-main-production-r1/stages/stage-0-7.json",
      "markers": [
        {
          "field": "status",
          "raw": "PASS",
          "normalized": "PASS"
        }
      ]
    },
    {
      "kind": "operation_stage",
      "reference": "runs/2026-09-08/sep7-r7-current-main-production-r1/stages/stage-a.json",
      "markers": [
        {
          "field": "status",
          "raw": "PASS",
          "normalized": "PASS"
        }
      ]
    },
    {
      "kind": "operation_stage",
      "reference": "runs/2026-09-08/sep7-r7-current-main-production-r1/stages/stage-b.json",
      "markers": [
        {
          "field": "status",
          "raw": "PASS",
          "normalized": "PASS"
        }
      ]
    },
    {
      "kind": "operation_stage",
      "reference": "runs/2026-09-08/sep7-r7-current-main-production-r1/stages/stage-c.json",
      "markers": [
        {
          "field": "status",
          "raw": "PASS",
          "normalized": "PASS"
        }
      ]
    },
    {
      "kind": "operation_stage",
      "reference": "runs/2026-09-08/sep7-r7-current-main-production-r1/stages/stage-0-4.json",
      "markers": [
        {
          "field": "status",
          "raw": "PASS",
          "normalized": "PASS"
        }
      ]
    },
    {
      "kind": "operation_stage",
      "reference": "runs/2026-09-08/sep7-r7-current-main-production-r1/stages/stage-0-5.json",
      "markers": [
        {
          "field": "status",
          "raw": "PASS",
          "normalized": "PASS"
        }
      ]
    },
    {
      "kind": "operation_stage",
      "reference": "runs/2026-09-08/sep7-r7-current-main-production-r1/stages/stage-0-6.json",
      "markers": [
        {
          "field": "status",
          "raw": "PASS",
          "normalized": "PASS"
        }
      ]
    },
    {
      "kind": "operation_stage",
      "reference": "runs/2026-09-08/sep7-r7-current-main-production-r1/stages/stage-0-7.json",
      "markers": [
        {
          "field": "status",
          "raw": "PASS",
          "normalized": "PASS"
        }
      ]
    },
    {
      "kind": "operation_stage",
      "reference": "runs/2026-09-08/sep7-r7-current-main-production-r1/stages/stage-a.json",
      "markers": [
        {
          "field": "status",
          "raw": "PASS",
          "normalized": "PASS"
        }
      ]
    },
    {
      "kind": "operation_stage",
      "reference": "runs/2026-09-08/sep7-r7-current-main-production-r1/stages/stage-b.json",
      "markers": [
        {
          "field": "status",
          "raw": "PASS",
          "normalized": "PASS"
        }
      ]
    },
    {
      "kind": "operation_stage",
      "reference": "runs/2026-09-08/sep7-r7-current-main-production-r1/stages/stage-c.json",
      "markers": [
        {
          "field": "status",
          "raw": "PASS",
          "normalized": "PASS"
        }
      ]
    },
    {
      "kind": "operation_stage",
      "reference": "runs/2026-09-08/sep7-r7-current-main-production-r1/stages/stage-0-4.json",
      "markers": [
        {
          "field": "status",
          "raw": "PASS",
          "normalized": "PASS"
        }
      ]
    },
    {
      "kind": "operation_stage",
      "reference": "runs/2026-09-08/sep7-r7-current-main-production-r1/stages/stage-0-5.json",
      "markers": [
        {
          "field": "status",
          "raw": "PASS",
          "normalized": "PASS"
        }
      ]
    },
    {
      "kind": "operation_stage",
      "reference": "runs/2026-09-08/sep7-r7-current-main-production-r1/stages/stage-0-6.json",
      "markers": [
        {
          "field": "status",
          "raw": "PASS",
          "normalized": "PASS"
        }
      ]
    },
    {
      "kind": "operation_stage",
      "reference": "runs/2026-09-08/sep7-r7-current-main-production-r1/stages/stage-0-7.json",
      "markers": [
        {
          "field": "status",
          "raw": "PASS",
          "normalized": "PASS"
        }
      ]
    },
    {
      "kind": "operation_stage",
      "reference": "runs/2026-09-08/sep7-r7-current-main-production-r1/stages/stage-a.json",
      "markers": [
        {
          "field": "status",
          "raw": "PASS",
          "normalized": "PASS"
        }
      ]
    },
    {
      "kind": "operation_stage",
      "reference": "runs/2026-09-08/sep7-r7-current-main-production-r1/stages/stage-b.json",
      "markers": [
        {
          "field": "status",
          "raw": "PASS",
          "normalized": "PASS"
        }
      ]
    },
    {
      "kind": "operation_stage",
      "reference": "runs/2026-09-08/sep7-r7-current-main-production-r1/stages/stage-c.json",
      "markers": [
        {
          "field": "status",
          "raw": "PASS",
          "normalized": "PASS"
        }
      ]
    },
    {
      "kind": "operation_stage",
      "reference": "runs/2026-09-08/sep7-r7-current-main-production-r1/stages/stage-0-4.json",
      "markers": [
        {
          "field": "status",
          "raw": "PASS",
          "normalized": "PASS"
        }
      ]
    },
    {
      "kind": "operation_stage",
      "reference": "runs/2026-09-08/sep7-r7-current-main-production-r1/stages/stage-0-5.json",
      "markers": [
        {
          "field": "status",
          "raw": "PASS",
          "normalized": "PASS"
        }
      ]
    },
    {
      "kind": "operation_stage",
      "reference": "runs/2026-09-08/sep7-r7-current-main-production-r1/stages/stage-0-6.json",
      "markers": [
        {
          "field": "status",
          "raw": "PASS",
          "normalized": "PASS"
        }
      ]
    },
    {
      "kind": "operation_stage",
      "reference": "runs/2026-09-08/sep7-r7-current-main-production-r1/stages/stage-0-7.json",
      "markers": [
        {
          "field": "status",
          "raw": "PASS",
          "normalized": "PASS"
        }
      ]
    },
    {
      "kind": "operation_stage",
      "reference": "runs/2026-09-08/sep7-r7-current-main-production-r1/stages/stage-a.json",
      "markers": [
        {
          "field": "status",
          "raw": "PASS",
          "normalized": "PASS"
        }
      ]
    },
    {
      "kind": "operation_stage",
      "reference": "runs/2026-09-08/sep7-r7-current-main-production-r1/stages/stage-b.json",
      "markers": [
        {
          "field": "status",
          "raw": "PASS",
          "normalized": "PASS"
        }
      ]
    },
    {
      "kind": "operation_stage",
      "reference": "runs/2026-09-08/sep7-r7-current-main-production-r1/stages/stage-c.json",
      "markers": [
        {
          "field": "status",
          "raw": "PASS",
          "normalized": "PASS"
        }
      ]
    },
    {
      "kind": "operation_stage",
      "reference": "runs/2026-09-08/sep7-r7-current-main-production-r1/stages/stage-0-4.json",
      "markers": [
        {
          "field": "status",
          "raw": "PASS",
          "normalized": "PASS"
        }
      ]
    },
    {
      "kind": "operation_stage",
      "reference": "runs/2026-09-08/sep7-r7-current-main-production-r1/stages/stage-0-5.json",
      "markers": [
        {
          "field": "status",
          "raw": "PASS",
          "normalized": "PASS"
        }
      ]
    },
    {
      "kind": "operation_stage",
      "reference": "runs/2026-09-08/sep7-r7-current-main-production-r1/stages/stage-0-6.json",
      "markers": [
        {
          "field": "status",
          "raw": "PASS",
          "normalized": "PASS"
        }
      ]
    },
    {
      "kind": "operation_stage",
      "reference": "runs/2026-09-08/sep7-r7-current-main-production-r1/stages/stage-0-7.json",
      "markers": [
        {
          "field": "status",
          "raw": "PASS",
          "normalized": "PASS"
        }
      ]
    },
    {
      "kind": "operation_stage",
      "reference": "runs/2026-09-08/sep7-r7-current-main-production-r1/stages/stage-a.json",
      "markers": [
        {
          "field": "status",
          "raw": "PASS",
          "normalized": "PASS"
        }
      ]
    },
    {
      "kind": "operation_stage",
      "reference": "runs/2026-09-08/sep7-r7-current-main-production-r1/stages/stage-b.json",
      "markers": [
        {
          "field": "status",
          "raw": "PASS",
          "normalized": "PASS"
        }
      ]
    },
    {
      "kind": "operation_stage",
      "reference": "runs/2026-09-08/sep7-r7-current-main-production-r1/stages/stage-c.json",
      "markers": [
        {
          "field": "status",
          "raw": "PASS",
          "normalized": "PASS"
        }
      ]
    },
    {
      "kind": "operation_stage",
      "reference": "runs/2026-09-08/sep7-r7-current-main-production-r1/stages/stage-0-4.json",
      "markers": [
        {
          "field": "status",
          "raw": "PASS",
          "normalized": "PASS"
        }
      ]
    },
    {
      "kind": "operation_stage",
      "reference": "runs/2026-09-08/sep7-r7-current-main-production-r1/stages/stage-0-5.json",
      "markers": [
        {
          "field": "status",
          "raw": "PASS",
          "normalized": "PASS"
        }
      ]
    },
    {
      "kind": "operation_stage",
      "reference": "runs/2026-09-08/sep7-r7-current-main-production-r1/stages/stage-0-6.json",
      "markers": [
        {
          "field": "status",
          "raw": "PASS",
          "normalized": "PASS"
        }
      ]
    },
    {
      "kind": "operation_stage",
      "reference": "runs/2026-09-08/sep7-r7-current-main-production-r1/stages/stage-0-7.json",
      "markers": [
        {
          "field": "status",
          "raw": "PASS",
          "normalized": "PASS"
        }
      ]
    },
    {
      "kind": "operation_stage",
      "reference": "runs/2026-09-08/sep7-r7-current-main-production-r1/stages/stage-a.json",
      "markers": [
        {
          "field": "status",
          "raw": "PASS",
          "normalized": "PASS"
        }
      ]
    },
    {
      "kind": "operation_stage",
      "reference": "runs/2026-09-08/sep7-r7-current-main-production-r1/stages/stage-b.json",
      "markers": [
        {
          "field": "status",
          "raw": "PASS",
          "normalized": "PASS"
        }
      ]
    },
    {
      "kind": "operation_stage",
      "reference": "runs/2026-09-08/sep7-r7-current-main-production-r1/stages/stage-c.json",
      "markers": [
        {
          "field": "status",
          "raw": "PASS",
          "normalized": "PASS"
        }
      ]
    },
    {
      "kind": "operation_stage",
      "reference": "runs/2026-09-08/sep7-r7-current-main-production-r1/stages/stage-0-4.json",
      "markers": [
        {
          "field": "status",
          "raw": "PASS",
          "normalized": "PASS"
        }
      ]
    },
    {
      "kind": "operation_stage",
      "reference": "runs/2026-09-08/sep7-r7-current-main-production-r1/stages/stage-0-5.json",
      "markers": [
        {
          "field": "status",
          "raw": "PASS",
          "normalized": "PASS"
        }
      ]
    },
    {
      "kind": "operation_stage",
      "reference": "runs/2026-09-08/sep7-r7-current-main-production-r1/stages/stage-0-6.json",
      "markers": [
        {
          "field": "status",
          "raw": "PASS",
          "normalized": "PASS"
        }
      ]
    },
    {
      "kind": "operation_stage",
      "reference": "runs/2026-09-08/sep7-r7-current-main-production-r1/stages/stage-0-7.json",
      "markers": [
        {
          "field": "status",
          "raw": "PASS",
          "normalized": "PASS"
        }
      ]
    },
    {
      "kind": "operation_stage",
      "reference": "runs/2026-09-08/sep7-r7-current-main-production-r1/stages/stage-a.json",
      "markers": [
        {
          "field": "status",
          "raw": "PASS",
          "normalized": "PASS"
        }
      ]
    },
    {
      "kind": "operation_stage",
      "reference": "runs/2026-09-08/sep7-r7-current-main-production-r1/stages/stage-b.json",
      "markers": [
        {
          "field": "status",
          "raw": "PASS",
          "normalized": "PASS"
        }
      ]
    },
    {
      "kind": "operation_stage",
      "reference": "runs/2026-09-08/sep7-r7-current-main-production-r1/stages/stage-c.json",
      "markers": [
        {
          "field": "status",
          "raw": "PASS",
          "normalized": "PASS"
        }
      ]
    },
    {
      "kind": "operation_stage",
      "reference": "runs/2026-09-08/sep7-r7-current-main-production-r1/stages/stage-0-4.json",
      "markers": [
        {
          "field": "status",
          "raw": "PASS",
          "normalized": "PASS"
        }
      ]
    },
    {
      "kind": "operation_stage",
      "reference": "runs/2026-09-08/sep7-r7-current-main-production-r1/stages/stage-0-5.json",
      "markers": [
        {
          "field": "status",
          "raw": "PASS",
          "normalized": "PASS"
        }
      ]
    },
    {
      "kind": "operation_stage",
      "reference": "runs/2026-09-08/sep7-r7-current-main-production-r1/stages/stage-0-6.json",
      "markers": [
        {
          "field": "status",
          "raw": "PASS",
          "normalized": "PASS"
        }
      ]
    },
    {
      "kind": "operation_stage",
      "reference": "runs/2026-09-08/sep7-r7-current-main-production-r1/stages/stage-0-7.json",
      "markers": [
        {
          "field": "status",
          "raw": "PASS",
          "normalized": "PASS"
        }
      ]
    },
    {
      "kind": "operation_stage",
      "reference": "runs/2026-09-08/sep7-r7-current-main-production-r1/stages/stage-a.json",
      "markers": [
        {
          "field": "status",
          "raw": "PASS",
          "normalized": "PASS"
        }
      ]
    },
    {
      "kind": "operation_stage",
      "reference": "runs/2026-09-08/sep7-r7-current-main-production-r1/stages/stage-b.json",
      "markers": [
        {
          "field": "status",
          "raw": "PASS",
          "normalized": "PASS"
        }
      ]
    },
    {
      "kind": "operation_stage",
      "reference": "runs/2026-09-08/sep7-r7-current-main-production-r1/stages/stage-c.json",
      "markers": [
        {
          "field": "status",
          "raw": "PASS",
          "normalized": "PASS"
        }
      ]
    },
    {
      "kind": "operation_stage",
      "reference": "runs/2026-09-08/sep7-r7-current-main-production-r1/stages/stage-0-4.json",
      "markers": [
        {
          "field": "status",
          "raw": "PASS",
          "normalized": "PASS"
        }
      ]
    },
    {
      "kind": "operation_stage",
      "reference": "runs/2026-09-08/sep7-r7-current-main-production-r1/stages/stage-0-5.json",
      "markers": [
        {
          "field": "status",
          "raw": "PASS",
          "normalized": "PASS"
        }
      ]
    },
    {
      "kind": "operation_stage",
      "reference": "runs/2026-09-08/sep7-r7-current-main-production-r1/stages/stage-0-6.json",
      "markers": [
        {
          "field": "status",
          "raw": "PASS",
          "normalized": "PASS"
        }
      ]
    },
    {
      "kind": "operation_stage",
      "reference": "runs/2026-09-08/sep7-r7-current-main-production-r1/stages/stage-0-7.json",
      "markers": [
        {
          "field": "status",
          "raw": "PASS",
          "normalized": "PASS"
        }
      ]
    },
    {
      "kind": "operation_stage",
      "reference": "runs/2026-09-08/sep7-r7-current-main-production-r1/stages/stage-a.json",
      "markers": [
        {
          "field": "status",
          "raw": "PASS",
          "normalized": "PASS"
        }
      ]
    },
    {
      "kind": "operation_stage",
      "reference": "runs/2026-09-08/sep7-r7-current-main-production-r1/stages/stage-b.json",
      "markers": [
        {
          "field": "status",
          "raw": "PASS",
          "normalized": "PASS"
        }
      ]
    },
    {
      "kind": "operation_stage",
      "reference": "runs/2026-09-08/sep7-r7-current-main-production-r1/stages/stage-c.json",
      "markers": [
        {
          "field": "status",
          "raw": "PASS",
          "normalized": "PASS"
        }
      ]
    },
    {
      "kind": "operation_stage",
      "reference": "runs/2026-09-08/sep7-r7-current-main-production-r1/stages/stage-0-4.json",
      "markers": [
        {
          "field": "status",
          "raw": "PASS",
          "normalized": "PASS"
        }
      ]
    },
    {
      "kind": "operation_stage",
      "reference": "runs/2026-09-08/sep7-r7-current-main-production-r1/stages/stage-0-5.json",
      "markers": [
        {
          "field": "status",
          "raw": "PASS",
          "normalized": "PASS"
        }
      ]
    },
    {
      "kind": "operation_stage",
      "reference": "runs/2026-09-08/sep7-r7-current-main-production-r1/stages/stage-0-6.json",
      "markers": [
        {
          "field": "status",
          "raw": "PASS",
          "normalized": "PASS"
        }
      ]
    },
    {
      "kind": "operation_stage",
      "reference": "runs/2026-09-08/sep7-r7-current-main-production-r1/stages/stage-0-7.json",
      "markers": [
        {
          "field": "status",
          "raw": "PASS",
          "normalized": "PASS"
        }
      ]
    },
    {
      "kind": "operation_stage",
      "reference": "runs/2026-09-08/sep7-r7-current-main-production-r1/stages/stage-a.json",
      "markers": [
        {
          "field": "status",
          "raw": "PASS",
          "normalized": "PASS"
        }
      ]
    },
    {
      "kind": "operation_stage",
      "reference": "runs/2026-09-08/sep7-r7-current-main-production-r1/stages/stage-b.json",
      "markers": [
        {
          "field": "status",
          "raw": "PASS",
          "normalized": "PASS"
        }
      ]
    },
    {
      "kind": "operation_stage",
      "reference": "runs/2026-09-08/sep7-r7-current-main-production-r1/stages/stage-c.json",
      "markers": [
        {
          "field": "status",
          "raw": "PASS",
          "normalized": "PASS"
        }
      ]
    },
    {
      "kind": "operation_stage",
      "reference": "runs/2026-09-08/sep7-r7-current-main-production-r1/stages/stage-0-4.json",
      "markers": [
        {
          "field": "status",
          "raw": "PASS",
          "normalized": "PASS"
        }
      ]
    },
    {
      "kind": "operation_stage",
      "reference": "runs/2026-09-08/sep7-r7-current-main-production-r1/stages/stage-0-5.json",
      "markers": [
        {
          "field": "status",
          "raw": "PASS",
          "normalized": "PASS"
        }
      ]
    },
    {
      "kind": "operation_stage",
      "reference": "runs/2026-09-08/sep7-r7-current-main-production-r1/stages/stage-0-6.json",
      "markers": [
        {
          "field": "status",
          "raw": "PASS",
          "normalized": "PASS"
        }
      ]
    },
    {
      "kind": "operation_stage",
      "reference": "runs/2026-09-08/sep7-r7-current-main-production-r1/stages/stage-0-7.json",
      "markers": [
        {
          "field": "status",
          "raw": "PASS",
          "normalized": "PASS"
        }
      ]
    },
    {
      "kind": "operation_stage",
      "reference": "runs/2026-09-08/sep7-r7-current-main-production-r1/stages/stage-a.json",
      "markers": [
        {
          "field": "status",
          "raw": "PASS",
          "normalized": "PASS"
        }
      ]
    },
    {
      "kind": "operation_stage",
      "reference": "runs/2026-09-08/sep7-r7-current-main-production-r1/stages/stage-b.json",
      "markers": [
        {
          "field": "status",
          "raw": "PASS",
          "normalized": "PASS"
        }
      ]
    },
    {
      "kind": "operation_stage",
      "reference": "runs/2026-09-08/sep7-r7-current-main-production-r1/stages/stage-c.json",
      "markers": [
        {
          "field": "status",
          "raw": "PASS",
          "normalized": "PASS"
        }
      ]
    },
    {
      "kind": "operation_stage",
      "reference": "runs/2026-09-08/sep7-r7-current-main-production-r1/stages/stage-0-4.json",
      "markers": [
        {
          "field": "status",
          "raw": "PASS",
          "normalized": "PASS"
        }
      ]
    },
    {
      "kind": "operation_stage",
      "reference": "runs/2026-09-08/sep7-r7-current-main-production-r1/stages/stage-0-5.json",
      "markers": [
        {
          "field": "status",
          "raw": "PASS",
          "normalized": "PASS"
        }
      ]
    },
    {
      "kind": "operation_stage",
      "reference": "runs/2026-09-08/sep7-r7-current-main-production-r1/stages/stage-0-6.json",
      "markers": [
        {
          "field": "status",
          "raw": "PASS",
          "normalized": "PASS"
        }
      ]
    },
    {
      "kind": "operation_stage",
      "reference": "runs/2026-09-08/sep7-r7-current-main-production-r1/stages/stage-0-7.json",
      "markers": [
        {
          "field": "status",
          "raw": "PASS",
          "normalized": "PASS"
        }
      ]
    },
    {
      "kind": "operation_stage",
      "reference": "runs/2026-09-08/sep7-r7-current-main-production-r1/stages/stage-a.json",
      "markers": [
        {
          "field": "status",
          "raw": "PASS",
          "normalized": "PASS"
        }
      ]
    },
    {
      "kind": "operation_stage",
      "reference": "runs/2026-09-08/sep7-r7-current-main-production-r1/stages/stage-b.json",
      "markers": [
        {
          "field": "status",
          "raw": "PASS",
          "normalized": "PASS"
        }
      ]
    },
    {
      "kind": "operation_stage",
      "reference": "runs/2026-09-08/sep7-r7-current-main-production-r1/stages/stage-c.json",
      "markers": [
        {
          "field": "status",
          "raw": "PASS",
          "normalized": "PASS"
        }
      ]
    },
    {
      "kind": "operation_stage",
      "reference": "runs/2026-09-08/sep7-r7-current-main-production-r1/stages/stage-0-4.json",
      "markers": [
        {
          "field": "status",
          "raw": "PASS",
          "normalized": "PASS"
        }
      ]
    },
    {
      "kind": "operation_stage",
      "reference": "runs/2026-09-08/sep7-r7-current-main-production-r1/stages/stage-0-5.json",
      "markers": [
        {
          "field": "status",
          "raw": "PASS",
          "normalized": "PASS"
        }
      ]
    },
    {
      "kind": "operation_stage",
      "reference": "runs/2026-09-08/sep7-r7-current-main-production-r1/stages/stage-0-6.json",
      "markers": [
        {
          "field": "status",
          "raw": "PASS",
          "normalized": "PASS"
        }
      ]
    },
    {
      "kind": "operation_stage",
      "reference": "runs/2026-09-08/sep7-r7-current-main-production-r1/stages/stage-0-7.json",
      "markers": [
        {
          "field": "status",
          "raw": "PASS",
          "normalized": "PASS"
        }
      ]
    },
    {
      "kind": "operation_stage",
      "reference": "runs/2026-09-08/sep7-r7-current-main-production-r1/stages/stage-a.json",
      "markers": [
        {
          "field": "status",
          "raw": "PASS",
          "normalized": "PASS"
        }
      ]
    },
    {
      "kind": "operation_stage",
      "reference": "runs/2026-09-08/sep7-r7-current-main-production-r1/stages/stage-b.json",
      "markers": [
        {
          "field": "status",
          "raw": "PASS",
          "normalized": "PASS"
        }
      ]
    },
    {
      "kind": "operation_stage",
      "reference": "runs/2026-09-08/sep7-r7-current-main-production-r1/stages/stage-c.json",
      "markers": [
        {
          "field": "status",
          "raw": "PASS",
          "normalized": "PASS"
        }
      ]
    },
    {
      "kind": "operation_stage",
      "reference": "runs/2026-09-08/sep7-r7-current-main-production-r1/stages/stage-0-4.json",
      "markers": [
        {
          "field": "status",
          "raw": "PASS",
          "normalized": "PASS"
        }
      ]
    },
    {
      "kind": "operation_stage",
      "reference": "runs/2026-09-08/sep7-r7-current-main-production-r1/stages/stage-0-5.json",
      "markers": [
        {
          "field": "status",
          "raw": "PASS",
          "normalized": "PASS"
        }
      ]
    },
    {
      "kind": "operation_stage",
      "reference": "runs/2026-09-08/sep7-r7-current-main-production-r1/stages/stage-0-6.json",
      "markers": [
        {
          "field": "status",
          "raw": "PASS",
          "normalized": "PASS"
        }
      ]
    },
    {
      "kind": "operation_stage",
      "reference": "runs/2026-09-08/sep7-r7-current-main-production-r1/stages/stage-0-7.json",
      "markers": [
        {
          "field": "status",
          "raw": "PASS",
          "normalized": "PASS"
        }
      ]
    },
    {
      "kind": "operation_stage",
      "reference": "runs/2026-09-08/sep7-r7-current-main-production-r1/stages/stage-a.json",
      "markers": [
        {
          "field": "status",
          "raw": "PASS",
          "normalized": "PASS"
        }
      ]
    },
    {
      "kind": "operation_stage",
      "reference": "runs/2026-09-08/sep7-r7-current-main-production-r1/stages/stage-b.json",
      "markers": [
        {
          "field": "status",
          "raw": "PASS",
          "normalized": "PASS"
        }
      ]
    },
    {
      "kind": "operation_stage",
      "reference": "runs/2026-09-08/sep7-r7-current-main-production-r1/stages/stage-c.json",
      "markers": [
        {
          "field": "status",
          "raw": "PASS",
          "normalized": "PASS"
        }
      ]
    },
    {
      "kind": "operation_stage",
      "reference": "runs/2026-09-08/sep7-r7-current-main-production-r1/stages/stage-0-4.json",
      "markers": [
        {
          "field": "status",
          "raw": "PASS",
          "normalized": "PASS"
        }
      ]
    },
    {
      "kind": "operation_stage",
      "reference": "runs/2026-09-08/sep7-r7-current-main-production-r1/stages/stage-0-5.json",
      "markers": [
        {
          "field": "status",
          "raw": "PASS",
          "normalized": "PASS"
        }
      ]
    },
    {
      "kind": "operation_stage",
      "reference": "runs/2026-09-08/sep7-r7-current-main-production-r1/stages/stage-0-6.json",
      "markers": [
        {
          "field": "status",
          "raw": "PASS",
          "normalized": "PASS"
        }
      ]
    },
    {
      "kind": "operation_stage",
      "reference": "runs/2026-09-08/sep7-r7-current-main-production-r1/stages/stage-0-7.json",
      "markers": [
        {
          "field": "status",
          "raw": "PASS",
          "normalized": "PASS"
        }
      ]
    },
    {
      "kind": "operation_stage",
      "reference": "runs/2026-09-08/sep7-r7-current-main-production-r1/stages/stage-a.json",
      "markers": [
        {
          "field": "status",
          "raw": "PASS",
          "normalized": "PASS"
        }
      ]
    },
    {
      "kind": "operation_stage",
      "reference": "runs/2026-09-08/sep7-r7-current-main-production-r1/stages/stage-b.json",
      "markers": [
        {
          "field": "status",
          "raw": "PASS",
          "normalized": "PASS"
        }
      ]
    },
    {
      "kind": "operation_stage",
      "reference": "runs/2026-09-08/sep7-r7-current-main-production-r1/stages/stage-c.json",
      "markers": [
        {
          "field": "status",
          "raw": "PASS",
          "normalized": "PASS"
        }
      ]
    },
    {
      "kind": "operation_stage",
      "reference": "runs/2026-09-08/sep7-r7-current-main-production-r1/stages/stage-0-4.json",
      "markers": [
        {
          "field": "status",
          "raw": "PASS",
          "normalized": "PASS"
        }
      ]
    },
    {
      "kind": "operation_stage",
      "reference": "runs/2026-09-08/sep7-r7-current-main-production-r1/stages/stage-0-5.json",
      "markers": [
        {
          "field": "status",
          "raw": "PASS",
          "normalized": "PASS"
        }
      ]
    },
    {
      "kind": "operation_stage",
      "reference": "runs/2026-09-08/sep7-r7-current-main-production-r1/stages/stage-0-6.json",
      "markers": [
        {
          "field": "status",
          "raw": "PASS",
          "normalized": "PASS"
        }
      ]
    },
    {
      "kind": "operation_stage",
      "reference": "runs/2026-09-08/sep7-r7-current-main-production-r1/stages/stage-0-7.json",
      "markers": [
        {
          "field": "status",
          "raw": "PASS",
          "normalized": "PASS"
        }
      ]
    },
    {
      "kind": "operation_stage",
      "reference": "runs/2026-09-08/sep7-r7-current-main-production-r1/stages/stage-a.json",
      "markers": [
        {
          "field": "status",
          "raw": "PASS",
          "normalized": "PASS"
        }
      ]
    },
    {
      "kind": "operation_stage",
      "reference": "runs/2026-09-08/sep7-r7-current-main-production-r1/stages/stage-b.json",
      "markers": [
        {
          "field": "status",
          "raw": "PASS",
          "normalized": "PASS"
        }
      ]
    },
    {
      "kind": "operation_stage",
      "reference": "runs/2026-09-08/sep7-r7-current-main-production-r1/stages/stage-c.json",
      "markers": [
        {
          "field": "status",
          "raw": "PASS",
          "normalized": "PASS"
        }
      ]
    },
    {
      "kind": "operation_stage",
      "reference": "runs/2026-09-08/sep7-r7-current-main-production-r1/stages/stage-0-4.json",
      "markers": [
        {
          "field": "status",
          "raw": "PASS",
          "normalized": "PASS"
        }
      ]
    },
    {
      "kind": "operation_stage",
      "reference": "runs/2026-09-08/sep7-r7-current-main-production-r1/stages/stage-0-5.json",
      "markers": [
        {
          "field": "status",
          "raw": "PASS",
          "normalized": "PASS"
        }
      ]
    },
    {
      "kind": "operation_stage",
      "reference": "runs/2026-09-08/sep7-r7-current-main-production-r1/stages/stage-0-6.json",
      "markers": [
        {
          "field": "status",
          "raw": "PASS",
          "normalized": "PASS"
        }
      ]
    },
    {
      "kind": "operation_stage",
      "reference": "runs/2026-09-08/sep7-r7-current-main-production-r1/stages/stage-0-7.json",
      "markers": [
        {
          "field": "status",
          "raw": "PASS",
          "normalized": "PASS"
        }
      ]
    },
    {
      "kind": "operation_stage",
      "reference": "runs/2026-09-08/sep7-r7-current-main-production-r1/stages/stage-a-promotion3.json",
      "markers": [
        {
          "field": "status",
          "raw": "PASS",
          "normalized": "PASS"
        }
      ]
    },
    {
      "kind": "operation_stage",
      "reference": "runs/2026-09-08/sep7-r7-current-main-production-r1/stages/stage-b.json",
      "markers": [
        {
          "field": "status",
          "raw": "PASS",
          "normalized": "PASS"
        }
      ]
    },
    {
      "kind": "operation_stage",
      "reference": "runs/2026-09-08/sep7-r7-current-main-production-r1/stages/stage-c.json",
      "markers": [
        {
          "field": "status",
          "raw": "PASS",
          "normalized": "PASS"
        }
      ]
    },
    {
      "kind": "operation_stage",
      "reference": "runs/2026-09-08/sep7-r7-current-main-production-r1/stages/stage-0-4.json",
      "markers": [
        {
          "field": "status",
          "raw": "PASS",
          "normalized": "PASS"
        }
      ]
    },
    {
      "kind": "operation_stage",
      "reference": "runs/2026-09-08/sep7-r7-current-main-production-r1/stages/stage-0-5.json",
      "markers": [
        {
          "field": "status",
          "raw": "PASS",
          "normalized": "PASS"
        }
      ]
    },
    {
      "kind": "operation_stage",
      "reference": "runs/2026-09-08/sep7-r7-current-main-production-r1/stages/stage-0-6.json",
      "markers": [
        {
          "field": "status",
          "raw": "PASS",
          "normalized": "PASS"
        }
      ]
    },
    {
      "kind": "operation_stage",
      "reference": "runs/2026-09-08/sep7-r7-current-main-production-r1/stages/stage-0-7.json",
      "markers": [
        {
          "field": "status",
          "raw": "PASS",
          "normalized": "PASS"
        }
      ]
    },
    {
      "kind": "operation_stage",
      "reference": "runs/2026-09-08/sep7-r7-current-main-production-r1/stages/stage-a-promotion3.json",
      "markers": [
        {
          "field": "status",
          "raw": "PASS",
          "normalized": "PASS"
        }
      ]
    },
    {
      "kind": "operation_stage",
      "reference": "runs/2026-09-08/sep7-r7-current-main-production-r1/stages/stage-b.json",
      "markers": [
        {
          "field": "status",
          "raw": "PASS",
          "normalized": "PASS"
        }
      ]
    },
    {
      "kind": "operation_stage",
      "reference": "runs/2026-09-08/sep7-r7-current-main-production-r1/stages/stage-c.json",
      "markers": [
        {
          "field": "status",
          "raw": "PASS",
          "normalized": "PASS"
        }
      ]
    },
    {
      "kind": "operation_stage",
      "reference": "runs/2026-09-08/sep7-r7-current-main-production-r1/stages/stage-0-4.json",
      "markers": [
        {
          "field": "status",
          "raw": "PASS",
          "normalized": "PASS"
        }
      ]
    },
    {
      "kind": "operation_stage",
      "reference": "runs/2026-09-08/sep7-r7-current-main-production-r1/stages/stage-0-5.json",
      "markers": [
        {
          "field": "status",
          "raw": "PASS",
          "normalized": "PASS"
        }
      ]
    },
    {
      "kind": "operation_stage",
      "reference": "runs/2026-09-08/sep7-r7-current-main-production-r1/stages/stage-0-6.json",
      "markers": [
        {
          "field": "status",
          "raw": "PASS",
          "normalized": "PASS"
        }
      ]
    },
    {
      "kind": "operation_stage",
      "reference": "runs/2026-09-08/sep7-r7-current-main-production-r1/stages/stage-0-7.json",
      "markers": [
        {
          "field": "status",
          "raw": "PASS",
          "normalized": "PASS"
        }
      ]
    },
    {
      "kind": "operation_stage",
      "reference": "runs/2026-09-08/sep7-r7-current-main-production-r1/stages/stage-a-promotion3.json",
      "markers": [
        {
          "field": "status",
          "raw": "PASS",
          "normalized": "PASS"
        }
      ]
    },
    {
      "kind": "operation_stage",
      "reference": "runs/2026-09-08/sep7-r7-current-main-production-r1/stages/stage-b.json",
      "markers": [
        {
          "field": "status",
          "raw": "PASS",
          "normalized": "PASS"
        }
      ]
    },
    {
      "kind": "operation_stage",
      "reference": "runs/2026-09-08/sep7-r7-current-main-production-r1/stages/stage-c.json",
      "markers": [
        {
          "field": "status",
          "raw": "PASS",
          "normalized": "PASS"
        }
      ]
    },
    {
      "kind": "operation_stage",
      "reference": "runs/2026-09-08/sep7-r7-current-main-production-r1/stages/stage-0-4.json",
      "markers": [
        {
          "field": "status",
          "raw": "PASS",
          "normalized": "PASS"
        }
      ]
    },
    {
      "kind": "operation_stage",
      "reference": "runs/2026-09-08/sep7-r7-current-main-production-r1/stages/stage-0-5.json",
      "markers": [
        {
          "field": "status",
          "raw": "PASS",
          "normalized": "PASS"
        }
      ]
    },
    {
      "kind": "operation_stage",
      "reference": "runs/2026-09-08/sep7-r7-current-main-production-r1/stages/stage-0-6.json",
      "markers": [
        {
          "field": "status",
          "raw": "PASS",
          "normalized": "PASS"
        }
      ]
    },
    {
      "kind": "operation_stage",
      "reference": "runs/2026-09-08/sep7-r7-current-main-production-r1/stages/stage-0-7.json",
      "markers": [
        {
          "field": "status",
          "raw": "PASS",
          "normalized": "PASS"
        }
      ]
    },
    {
      "kind": "operation_stage",
      "reference": "runs/2026-09-08/sep7-r7-current-main-production-r1/stages/stage-a.json",
      "markers": [
        {
          "field": "status",
          "raw": "PASS",
          "normalized": "PASS"
        }
      ]
    },
    {
      "kind": "operation_stage",
      "reference": "runs/2026-09-08/sep7-r7-current-main-production-r1/stages/stage-b.json",
      "markers": [
        {
          "field": "status",
          "raw": "PASS",
          "normalized": "PASS"
        }
      ]
    },
    {
      "kind": "operation_stage",
      "reference": "runs/2026-09-08/sep7-r7-current-main-production-r1/stages/stage-c.json",
      "markers": [
        {
          "field": "status",
          "raw": "PASS",
          "normalized": "PASS"
        }
      ]
    },
    {
      "kind": "operation_stage",
      "reference": "runs/2026-09-08/sep7-r7-current-main-production-r1/stages/stage-0-4.json",
      "markers": [
        {
          "field": "status",
          "raw": "PASS",
          "normalized": "PASS"
        }
      ]
    },
    {
      "kind": "operation_stage",
      "reference": "runs/2026-09-08/sep7-r7-current-main-production-r1/stages/stage-0-5.json",
      "markers": [
        {
          "field": "status",
          "raw": "PASS",
          "normalized": "PASS"
        }
      ]
    },
    {
      "kind": "operation_stage",
      "reference": "runs/2026-09-08/sep7-r7-current-main-production-r1/stages/stage-0-6.json",
      "markers": [
        {
          "field": "status",
          "raw": "PASS",
          "normalized": "PASS"
        }
      ]
    },
    {
      "kind": "operation_stage",
      "reference": "runs/2026-09-08/sep7-r7-current-main-production-r1/stages/stage-0-7.json",
      "markers": [
        {
          "field": "status",
          "raw": "PASS",
          "normalized": "PASS"
        }
      ]
    },
    {
      "kind": "operation_stage",
      "reference": "runs/2026-09-08/sep7-r7-current-main-production-r1/stages/stage-a.json",
      "markers": [
        {
          "field": "status",
          "raw": "PASS",
          "normalized": "PASS"
        }
      ]
    },
    {
      "kind": "operation_stage",
      "reference": "runs/2026-09-08/sep7-r7-current-main-production-r1/stages/stage-b.json",
      "markers": [
        {
          "field": "status",
          "raw": "PASS",
          "normalized": "PASS"
        }
      ]
    },
    {
      "kind": "operation_stage",
      "reference": "runs/2026-09-08/sep7-r7-current-main-production-r1/stages/stage-c.json",
      "markers": [
        {
          "field": "status",
          "raw": "PASS",
          "normalized": "PASS"
        }
      ]
    },
    {
      "kind": "operation_stage",
      "reference": "runs/2026-09-08/sep7-r7-current-main-production-r1/stages/stage-0-4.json",
      "markers": [
        {
          "field": "status",
          "raw": "PASS",
          "normalized": "PASS"
        }
      ]
    },
    {
      "kind": "operation_stage",
      "reference": "runs/2026-09-08/sep7-r7-current-main-production-r1/stages/stage-0-5.json",
      "markers": [
        {
          "field": "status",
          "raw": "PASS",
          "normalized": "PASS"
        }
      ]
    },
    {
      "kind": "operation_stage",
      "reference": "runs/2026-09-08/sep7-r7-current-main-production-r1/stages/stage-0-6.json",
      "markers": [
        {
          "field": "status",
          "raw": "PASS",
          "normalized": "PASS"
        }
      ]
    },
    {
      "kind": "operation_stage",
      "reference": "runs/2026-09-08/sep7-r7-current-main-production-r1/stages/stage-0-7.json",
      "markers": [
        {
          "field": "status",
          "raw": "PASS",
          "normalized": "PASS"
        }
      ]
    },
    {
      "kind": "operation_stage",
      "reference": "runs/2026-09-08/sep7-r7-current-main-production-r1/stages/stage-a.json",
      "markers": [
        {
          "field": "status",
          "raw": "PASS",
          "normalized": "PASS"
        }
      ]
    },
    {
      "kind": "operation_stage",
      "reference": "runs/2026-09-08/sep7-r7-current-main-production-r1/stages/stage-b.json",
      "markers": [
        {
          "field": "status",
          "raw": "PASS",
          "normalized": "PASS"
        }
      ]
    },
    {
      "kind": "operation_stage",
      "reference": "runs/2026-09-08/sep7-r7-current-main-production-r1/stages/stage-c.json",
      "markers": [
        {
          "field": "status",
          "raw": "PASS",
          "normalized": "PASS"
        }
      ]
    },
    {
      "kind": "operation_stage",
      "reference": "runs/2026-09-08/sep7-r7-current-main-production-r1/stages/stage-0-4.json",
      "markers": [
        {
          "field": "status",
          "raw": "PASS",
          "normalized": "PASS"
        }
      ]
    },
    {
      "kind": "operation_stage",
      "reference": "runs/2026-09-08/sep7-r7-current-main-production-r1/stages/stage-0-5.json",
      "markers": [
        {
          "field": "status",
          "raw": "PASS",
          "normalized": "PASS"
        }
      ]
    },
    {
      "kind": "operation_stage",
      "reference": "runs/2026-09-08/sep7-r7-current-main-production-r1/stages/stage-0-6.json",
      "markers": [
        {
          "field": "status",
          "raw": "PASS",
          "normalized": "PASS"
        }
      ]
    },
    {
      "kind": "operation_stage",
      "reference": "runs/2026-09-08/sep7-r7-current-main-production-r1/stages/stage-0-7.json",
      "markers": [
        {
          "field": "status",
          "raw": "PASS",
          "normalized": "PASS"
        }
      ]
    }
  ]
}
PASS: 171 artifacts have passing status markers and explicit current-run stage/baseline bindings
{
  "status": "PASS",
  "run_path": "runs/2026-09-08/sep7-r7-current-main-production-r1/card-run.json",
  "related_add_count": 3,
  "lifecycle_contract": [
    "/related/-",
    "/related_lineage/related_ids/-",
    "/related_lineage/relation_type",
    "/related_lineage/reason",
    "/related_lineage/event_stage_relationship",
    "/related_lineage/direction"
  ],
  "unsupported_paths": [
    "/related_ids/-"
  ]
}
PASS: 3 related_add operations carry complete published and lineage patches
== regenerate exact canonical from current-main 1578 baseline ==
canonical full 1599장 → public projection KEEP 16
public 크기 6.48MB → 6.48MB
완료: data/cards.full.json은 변경하지 않고 public/data/cards.json만 정확 직렬화로 재생성
PASS: card-run-2026-09-08-sep7-r7-current-main-production-r1 applied — 1578 → 1599
REPORT: runs/2026-09-08/sep7-r7-current-main-production-r1/apply-report.json
FULL_REBIND 59a008e9de72531d37afbfec1985ee038439bae3fb7c8e68cebdfc69a2641f9c -> 91cdb0761c9158267030b6ee617d9238b156bc9016cbc0e18bf7bc53fbb1cd9f
LEAN_REBIND bd39ee4ce75aa6251d212844b2492e9dcabe2ca9d8d24d7fa4c28f9687496708 -> 8772d8517c73fbe457182761e684107554f91df1196693e1f40920872aae4d9c
FULL_HASH_REBIND files=1 occurrences=1
LEAN_HASH_REBIND files=1 occurrences=1
== semantic + full governed validation ==
{
  "status": "PASS",
  "schema": "schemas/card-run.v1.schema.json",
  "instance": "runs/2026-09-08/sep7-r7-current-main-production-r1/card-run.json"
}
{
  "status": "PASS",
  "run_path": "runs/2026-09-08/sep7-r7-current-main-production-r1/card-run.json",
  "output_updated": "2026-09-08T11:30:00+09:00",
  "validated_stage_artifact_count": 168,
  "allowed_statuses": [
    "ACCEPTED_FACT_SAFE",
    "ACCEPTED_FACT_SAFE_AFTER_CONTROLLED_RESCUE",
    "ADDABLE_MERGE_SAFE",
    "CONTENT_ENRICHED",
    "CONTENT_ENRICHED_AND_LANGUAGE_TERMINOLOGY_POLISHED",
    "EVIDENCE_COMPLETE",
    "EVIDENCE_COMPLETE_AND_SOURCE_CLAIM_COVERED",
    "GITHUB_MERGE_READY",
    "LANGUAGE_TERMINOLOGY_POLISHED",
    "PASS",
    "PASSED",
    "PASS_WITH_DECLARED_RESIDUAL_RISK",
    "PASS_WITH_NOTES",
    "PASS_WITH_WARNINGS",
    "PUBLISH_READY",
    "SOURCE_CLAIM_COVERED",
    "VERIFIED"
  ],
  "completeness_binding": {
    "reference": "runs/2026-09-08/sep7-r7-current-main-production-r1/stage-0-7c.json",
    "run_id": "card-run-2026-09-08-sep7-r7-current-main-production-r1",
    "reviewed_operations_sha256": "bcf717b57b72575d9a390a1e84be266b159e8532eb3de6961637cab9f28960f6"
  },
  "artifacts": [
    {
      "reference": "runs/2026-09-08/sep7-r7-current-main-production-r1/stages/stage-a.json",
      "status": "PASS",
      "normalized_status": "PASS"
    },
    {
      "reference": "runs/2026-09-08/sep7-r7-current-main-production-r1/stages/stage-b.json",
      "status": "PASS",
      "normalized_status": "PASS"
    },
    {
      "reference": "runs/2026-09-08/sep7-r7-current-main-production-r1/stages/stage-c.json",
      "status": "PASS",
      "normalized_status": "PASS"
    },
    {
      "reference": "runs/2026-09-08/sep7-r7-current-main-production-r1/stages/stage-0-4.json",
      "status": "PASS",
      "normalized_status": "PASS"
    },
    {
      "reference": "runs/2026-09-08/sep7-r7-current-main-production-r1/stages/stage-0-5.json",
      "status": "PASS",
      "normalized_status": "PASS"
    },
    {
      "reference": "runs/2026-09-08/sep7-r7-current-main-production-r1/stages/stage-0-6.json",
      "status": "PASS",
      "normalized_status": "PASS"
    },
    {
      "reference": "runs/2026-09-08/sep7-r7-current-main-production-r1/stages/stage-0-7.json",
      "status": "PASS",
      "normalized_status": "PASS"
    },
    {
      "reference": "runs/2026-09-08/sep7-r7-current-main-production-r1/stages/stage-a.json",
      "status": "PASS",
      "normalized_status": "PASS"
    },
    {
      "reference": "runs/2026-09-08/sep7-r7-current-main-production-r1/stages/stage-b.json",
      "status": "PASS",
      "normalized_status": "PASS"
    },
    {
      "reference": "runs/2026-09-08/sep7-r7-current-main-production-r1/stages/stage-c.json",
      "status": "PASS",
      "normalized_status": "PASS"
    },
    {
      "reference": "runs/2026-09-08/sep7-r7-current-main-production-r1/stages/stage-0-4.json",
      "status": "PASS",
      "normalized_status": "PASS"
    },
    {
      "reference": "runs/2026-09-08/sep7-r7-current-main-production-r1/stages/stage-0-5.json",
      "status": "PASS",
      "normalized_status": "PASS"
    },
    {
      "reference": "runs/2026-09-08/sep7-r7-current-main-production-r1/stages/stage-0-6.json",
      "status": "PASS",
      "normalized_status": "PASS"
    },
    {
      "reference": "runs/2026-09-08/sep7-r7-current-main-production-r1/stages/stage-0-7.json",
      "status": "PASS",
      "normalized_status": "PASS"
    },
    {
      "reference": "runs/2026-09-08/sep7-r7-current-main-production-r1/stages/stage-a.json",
      "status": "PASS",
      "normalized_status": "PASS"
    },
    {
      "reference": "runs/2026-09-08/sep7-r7-current-main-production-r1/stages/stage-b.json",
      "status": "PASS",
      "normalized_status": "PASS"
    },
    {
      "reference": "runs/2026-09-08/sep7-r7-current-main-production-r1/stages/stage-c.json",
      "status": "PASS",
      "normalized_status": "PASS"
    },
    {
      "reference": "runs/2026-09-08/sep7-r7-current-main-production-r1/stages/stage-0-4.json",
      "status": "PASS",
      "normalized_status": "PASS"
    },
    {
      "reference": "runs/2026-09-08/sep7-r7-current-main-production-r1/stages/stage-0-5.json",
      "status": "PASS",
      "normalized_status": "PASS"
    },
    {
      "reference": "runs/2026-09-08/sep7-r7-current-main-production-r1/stages/stage-0-6.json",
      "status": "PASS",
      "normalized_status": "PASS"
    },
    {
      "reference": "runs/2026-09-08/sep7-r7-current-main-production-r1/stages/stage-0-7.json",
      "status": "PASS",
      "normalized_status": "PASS"
    },
    {
      "reference": "runs/2026-09-08/sep7-r7-current-main-production-r1/stages/stage-a.json",
      "status": "PASS",
      "normalized_status": "PASS"
    },
    {
      "reference": "runs/2026-09-08/sep7-r7-current-main-production-r1/stages/stage-b.json",
      "status": "PASS",
      "normalized_status": "PASS"
    },
    {
      "reference": "runs/2026-09-08/sep7-r7-current-main-production-r1/stages/stage-c.json",
      "status": "PASS",
      "normalized_status": "PASS"
    },
    {
      "reference": "runs/2026-09-08/sep7-r7-current-main-production-r1/stages/stage-0-4.json",
      "status": "PASS",
      "normalized_status": "PASS"
    },
    {
      "reference": "runs/2026-09-08/sep7-r7-current-main-production-r1/stages/stage-0-5.json",
      "status": "PASS",
      "normalized_status": "PASS"
    },
    {
      "reference": "runs/2026-09-08/sep7-r7-current-main-production-r1/stages/stage-0-6.json",
      "status": "PASS",
      "normalized_status": "PASS"
    },
    {
      "reference": "runs/2026-09-08/sep7-r7-current-main-production-r1/stages/stage-0-7.json",
      "status": "PASS",
      "normalized_status": "PASS"
    },
    {
      "reference": "runs/2026-09-08/sep7-r7-current-main-production-r1/stages/stage-a.json",
      "status": "PASS",
      "normalized_status": "PASS"
    },
    {
      "reference": "runs/2026-09-08/sep7-r7-current-main-production-r1/stages/stage-b.json",
      "status": "PASS",
      "normalized_status": "PASS"
    },
    {
      "reference": "runs/2026-09-08/sep7-r7-current-main-production-r1/stages/stage-c.json",
      "status": "PASS",
      "normalized_status": "PASS"
    },
    {
      "reference": "runs/2026-09-08/sep7-r7-current-main-production-r1/stages/stage-0-4.json",
      "status": "PASS",
      "normalized_status": "PASS"
    },
    {
      "reference": "runs/2026-09-08/sep7-r7-current-main-production-r1/stages/stage-0-5.json",
      "status": "PASS",
      "normalized_status": "PASS"
    },
    {
      "reference": "runs/2026-09-08/sep7-r7-current-main-production-r1/stages/stage-0-6.json",
      "status": "PASS",
      "normalized_status": "PASS"
    },
    {
      "reference": "runs/2026-09-08/sep7-r7-current-main-production-r1/stages/stage-0-7.json",
      "status": "PASS",
      "normalized_status": "PASS"
    },
    {
      "reference": "runs/2026-09-08/sep7-r7-current-main-production-r1/stages/stage-a.json",
      "status": "PASS",
      "normalized_status": "PASS"
    },
    {
      "reference": "runs/2026-09-08/sep7-r7-current-main-production-r1/stages/stage-b.json",
      "status": "PASS",
      "normalized_status": "PASS"
    },
    {
      "reference": "runs/2026-09-08/sep7-r7-current-main-production-r1/stages/stage-c.json",
      "status": "PASS",
      "normalized_status": "PASS"
    },
    {
      "reference": "runs/2026-09-08/sep7-r7-current-main-production-r1/stages/stage-0-4.json",
      "status": "PASS",
      "normalized_status": "PASS"
    },
    {
      "reference": "runs/2026-09-08/sep7-r7-current-main-production-r1/stages/stage-0-5.json",
      "status": "PASS",
      "normalized_status": "PASS"
    },
    {
      "reference": "runs/2026-09-08/sep7-r7-current-main-production-r1/stages/stage-0-6.json",
      "status": "PASS",
      "normalized_status": "PASS"
    },
    {
      "reference": "runs/2026-09-08/sep7-r7-current-main-production-r1/stages/stage-0-7.json",
      "status": "PASS",
      "normalized_status": "PASS"
    },
    {
      "reference": "runs/2026-09-08/sep7-r7-current-main-production-r1/stages/stage-a.json",
      "status": "PASS",
      "normalized_status": "PASS"
    },
    {
      "reference": "runs/2026-09-08/sep7-r7-current-main-production-r1/stages/stage-b.json",
      "status": "PASS",
      "normalized_status": "PASS"
    },
    {
      "reference": "runs/2026-09-08/sep7-r7-current-main-production-r1/stages/stage-c.json",
      "status": "PASS",
      "normalized_status": "PASS"
    },
    {
      "reference": "runs/2026-09-08/sep7-r7-current-main-production-r1/stages/stage-0-4.json",
      "status": "PASS",
      "normalized_status": "PASS"
    },
    {
      "reference": "runs/2026-09-08/sep7-r7-current-main-production-r1/stages/stage-0-5.json",
      "status": "PASS",
      "normalized_status": "PASS"
    },
    {
      "reference": "runs/2026-09-08/sep7-r7-current-main-production-r1/stages/stage-0-6.json",
      "status": "PASS",
      "normalized_status": "PASS"
    },
    {
      "reference": "runs/2026-09-08/sep7-r7-current-main-production-r1/stages/stage-0-7.json",
      "status": "PASS",
      "normalized_status": "PASS"
    },
    {
      "reference": "runs/2026-09-08/sep7-r7-current-main-production-r1/stages/stage-a.json",
      "status": "PASS",
      "normalized_status": "PASS"
    },
    {
      "reference": "runs/2026-09-08/sep7-r7-current-main-production-r1/stages/stage-b.json",
      "status": "PASS",
      "normalized_status": "PASS"
    },
    {
      "reference": "runs/2026-09-08/sep7-r7-current-main-production-r1/stages/stage-c.json",
      "status": "PASS",
      "normalized_status": "PASS"
    },
    {
      "reference": "runs/2026-09-08/sep7-r7-current-main-production-r1/stages/stage-0-4.json",
      "status": "PASS",
      "normalized_status": "PASS"
    },
    {
      "reference": "runs/2026-09-08/sep7-r7-current-main-production-r1/stages/stage-0-5.json",
      "status": "PASS",
      "normalized_status": "PASS"
    },
    {
      "reference": "runs/2026-09-08/sep7-r7-current-main-production-r1/stages/stage-0-6.json",
      "status": "PASS",
      "normalized_status": "PASS"
    },
    {
      "reference": "runs/2026-09-08/sep7-r7-current-main-production-r1/stages/stage-0-7.json",
      "status": "PASS",
      "normalized_status": "PASS"
    },
    {
      "reference": "runs/2026-09-08/sep7-r7-current-main-production-r1/stages/stage-a.json",
      "status": "PASS",
      "normalized_status": "PASS"
    },
    {
      "reference": "runs/2026-09-08/sep7-r7-current-main-production-r1/stages/stage-b.json",
      "status": "PASS",
      "normalized_status": "PASS"
    },
    {
      "reference": "runs/2026-09-08/sep7-r7-current-main-production-r1/stages/stage-c.json",
      "status": "PASS",
      "normalized_status": "PASS"
    },
    {
      "reference": "runs/2026-09-08/sep7-r7-current-main-production-r1/stages/stage-0-4.json",
      "status": "PASS",
      "normalized_status": "PASS"
    },
    {
      "reference": "runs/2026-09-08/sep7-r7-current-main-production-r1/stages/stage-0-5.json",
      "status": "PASS",
      "normalized_status": "PASS"
    },
    {
      "reference": "runs/2026-09-08/sep7-r7-current-main-production-r1/stages/stage-0-6.json",
      "status": "PASS",
      "normalized_status": "PASS"
    },
    {
      "reference": "runs/2026-09-08/sep7-r7-current-main-production-r1/stages/stage-0-7.json",
      "status": "PASS",
      "normalized_status": "PASS"
    },
    {
      "reference": "runs/2026-09-08/sep7-r7-current-main-production-r1/stages/stage-a.json",
      "status": "PASS",
      "normalized_status": "PASS"
    },
    {
      "reference": "runs/2026-09-08/sep7-r7-current-main-production-r1/stages/stage-b.json",
      "status": "PASS",
      "normalized_status": "PASS"
    },
    {
      "reference": "runs/2026-09-08/sep7-r7-current-main-production-r1/stages/stage-c.json",
      "status": "PASS",
      "normalized_status": "PASS"
    },
    {
      "reference": "runs/2026-09-08/sep7-r7-current-main-production-r1/stages/stage-0-4.json",
      "status": "PASS",
      "normalized_status": "PASS"
    },
    {
      "reference": "runs/2026-09-08/sep7-r7-current-main-production-r1/stages/stage-0-5.json",
      "status": "PASS",
      "normalized_status": "PASS"
    },
    {
      "reference": "runs/2026-09-08/sep7-r7-current-main-production-r1/stages/stage-0-6.json",
      "status": "PASS",
      "normalized_status": "PASS"
    },
    {
      "reference": "runs/2026-09-08/sep7-r7-current-main-production-r1/stages/stage-0-7.json",
      "status": "PASS",
      "normalized_status": "PASS"
    },
    {
      "reference": "runs/2026-09-08/sep7-r7-current-main-production-r1/stages/stage-a.json",
      "status": "PASS",
      "normalized_status": "PASS"
    },
    {
      "reference": "runs/2026-09-08/sep7-r7-current-main-production-r1/stages/stage-b.json",
      "status": "PASS",
      "normalized_status": "PASS"
    },
    {
      "reference": "runs/2026-09-08/sep7-r7-current-main-production-r1/stages/stage-c.json",
      "status": "PASS",
      "normalized_status": "PASS"
    },
    {
      "reference": "runs/2026-09-08/sep7-r7-current-main-production-r1/stages/stage-0-4.json",
      "status": "PASS",
      "normalized_status": "PASS"
    },
    {
      "reference": "runs/2026-09-08/sep7-r7-current-main-production-r1/stages/stage-0-5.json",
      "status": "PASS",
      "normalized_status": "PASS"
    },
    {
      "reference": "runs/2026-09-08/sep7-r7-current-main-production-r1/stages/stage-0-6.json",
      "status": "PASS",
      "normalized_status": "PASS"
    },
    {
      "reference": "runs/2026-09-08/sep7-r7-current-main-production-r1/stages/stage-0-7.json",
      "status": "PASS",
      "normalized_status": "PASS"
    },
    {
      "reference": "runs/2026-09-08/sep7-r7-current-main-production-r1/stages/stage-a.json",
      "status": "PASS",
      "normalized_status": "PASS"
    },
    {
      "reference": "runs/2026-09-08/sep7-r7-current-main-production-r1/stages/stage-b.json",
      "status": "PASS",
      "normalized_status": "PASS"
    },
    {
      "reference": "runs/2026-09-08/sep7-r7-current-main-production-r1/stages/stage-c.json",
      "status": "PASS",
      "normalized_status": "PASS"
    },
    {
      "reference": "runs/2026-09-08/sep7-r7-current-main-production-r1/stages/stage-0-4.json",
      "status": "PASS",
      "normalized_status": "PASS"
    },
    {
      "reference": "runs/2026-09-08/sep7-r7-current-main-production-r1/stages/stage-0-5.json",
      "status": "PASS",
      "normalized_status": "PASS"
    },
    {
      "reference": "runs/2026-09-08/sep7-r7-current-main-production-r1/stages/stage-0-6.json",
      "status": "PASS",
      "normalized_status": "PASS"
    },
    {
      "reference": "runs/2026-09-08/sep7-r7-current-main-production-r1/stages/stage-0-7.json",
      "status": "PASS",
      "normalized_status": "PASS"
    },
    {
      "reference": "runs/2026-09-08/sep7-r7-current-main-production-r1/stages/stage-a.json",
      "status": "PASS",
      "normalized_status": "PASS"
    },
    {
      "reference": "runs/2026-09-08/sep7-r7-current-main-production-r1/stages/stage-b.json",
      "status": "PASS",
      "normalized_status": "PASS"
    },
    {
      "reference": "runs/2026-09-08/sep7-r7-current-main-production-r1/stages/stage-c.json",
      "status": "PASS",
      "normalized_status": "PASS"
    },
    {
      "reference": "runs/2026-09-08/sep7-r7-current-main-production-r1/stages/stage-0-4.json",
      "status": "PASS",
      "normalized_status": "PASS"
    },
    {
      "reference": "runs/2026-09-08/sep7-r7-current-main-production-r1/stages/stage-0-5.json",
      "status": "PASS",
      "normalized_status": "PASS"
    },
    {
      "reference": "runs/2026-09-08/sep7-r7-current-main-production-r1/stages/stage-0-6.json",
      "status": "PASS",
      "normalized_status": "PASS"
    },
    {
      "reference": "runs/2026-09-08/sep7-r7-current-main-production-r1/stages/stage-0-7.json",
      "status": "PASS",
      "normalized_status": "PASS"
    },
    {
      "reference": "runs/2026-09-08/sep7-r7-current-main-production-r1/stages/stage-a.json",
      "status": "PASS",
      "normalized_status": "PASS"
    },
    {
      "reference": "runs/2026-09-08/sep7-r7-current-main-production-r1/stages/stage-b.json",
      "status": "PASS",
      "normalized_status": "PASS"
    },
    {
      "reference": "runs/2026-09-08/sep7-r7-current-main-production-r1/stages/stage-c.json",
      "status": "PASS",
      "normalized_status": "PASS"
    },
    {
      "reference": "runs/2026-09-08/sep7-r7-current-main-production-r1/stages/stage-0-4.json",
      "status": "PASS",
      "normalized_status": "PASS"
    },
    {
      "reference": "runs/2026-09-08/sep7-r7-current-main-production-r1/stages/stage-0-5.json",
      "status": "PASS",
      "normalized_status": "PASS"
    },
    {
      "reference": "runs/2026-09-08/sep7-r7-current-main-production-r1/stages/stage-0-6.json",
      "status": "PASS",
      "normalized_status": "PASS"
    },
    {
      "reference": "runs/2026-09-08/sep7-r7-current-main-production-r1/stages/stage-0-7.json",
      "status": "PASS",
      "normalized_status": "PASS"
    },
    {
      "reference": "runs/2026-09-08/sep7-r7-current-main-production-r1/stages/stage-a.json",
      "status": "PASS",
      "normalized_status": "PASS"
    },
    {
      "reference": "runs/2026-09-08/sep7-r7-current-main-production-r1/stages/stage-b.json",
      "status": "PASS",
      "normalized_status": "PASS"
    },
    {
      "reference": "runs/2026-09-08/sep7-r7-current-main-production-r1/stages/stage-c.json",
      "status": "PASS",
      "normalized_status": "PASS"
    },
    {
      "reference": "runs/2026-09-08/sep7-r7-current-main-production-r1/stages/stage-0-4.json",
      "status": "PASS",
      "normalized_status": "PASS"
    },
    {
      "reference": "runs/2026-09-08/sep7-r7-current-main-production-r1/stages/stage-0-5.json",
      "status": "PASS",
      "normalized_status": "PASS"
    },
    {
      "reference": "runs/2026-09-08/sep7-r7-current-main-production-r1/stages/stage-0-6.json",
      "status": "PASS",
      "normalized_status": "PASS"
    },
    {
      "reference": "runs/2026-09-08/sep7-r7-current-main-production-r1/stages/stage-0-7.json",
      "status": "PASS",
      "normalized_status": "PASS"
    },
    {
      "reference": "runs/2026-09-08/sep7-r7-current-main-production-r1/stages/stage-a.json",
      "status": "PASS",
      "normalized_status": "PASS"
    },
    {
      "reference": "runs/2026-09-08/sep7-r7-current-main-production-r1/stages/stage-b.json",
      "status": "PASS",
      "normalized_status": "PASS"
    },
    {
      "reference": "runs/2026-09-08/sep7-r7-current-main-production-r1/stages/stage-c.json",
      "status": "PASS",
      "normalized_status": "PASS"
    },
    {
      "reference": "runs/2026-09-08/sep7-r7-current-main-production-r1/stages/stage-0-4.json",
      "status": "PASS",
      "normalized_status": "PASS"
    },
    {
      "reference": "runs/2026-09-08/sep7-r7-current-main-production-r1/stages/stage-0-5.json",
      "status": "PASS",
      "normalized_status": "PASS"
    },
    {
      "reference": "runs/2026-09-08/sep7-r7-current-main-production-r1/stages/stage-0-6.json",
      "status": "PASS",
      "normalized_status": "PASS"
    },
    {
      "reference": "runs/2026-09-08/sep7-r7-current-main-production-r1/stages/stage-0-7.json",
      "status": "PASS",
      "normalized_status": "PASS"
    },
    {
      "reference": "runs/2026-09-08/sep7-r7-current-main-production-r1/stages/stage-a.json",
      "status": "PASS",
      "normalized_status": "PASS"
    },
    {
      "reference": "runs/2026-09-08/sep7-r7-current-main-production-r1/stages/stage-b.json",
      "status": "PASS",
      "normalized_status": "PASS"
    },
    {
      "reference": "runs/2026-09-08/sep7-r7-current-main-production-r1/stages/stage-c.json",
      "status": "PASS",
      "normalized_status": "PASS"
    },
    {
      "reference": "runs/2026-09-08/sep7-r7-current-main-production-r1/stages/stage-0-4.json",
      "status": "PASS",
      "normalized_status": "PASS"
    },
    {
      "reference": "runs/2026-09-08/sep7-r7-current-main-production-r1/stages/stage-0-5.json",
      "status": "PASS",
      "normalized_status": "PASS"
    },
    {
      "reference": "runs/2026-09-08/sep7-r7-current-main-production-r1/stages/stage-0-6.json",
      "status": "PASS",
      "normalized_status": "PASS"
    },
    {
      "reference": "runs/2026-09-08/sep7-r7-current-main-production-r1/stages/stage-0-7.json",
      "status": "PASS",
      "normalized_status": "PASS"
    },
    {
      "reference": "runs/2026-09-08/sep7-r7-current-main-production-r1/stages/stage-a.json",
      "status": "PASS",
      "normalized_status": "PASS"
    },
    {
      "reference": "runs/2026-09-08/sep7-r7-current-main-production-r1/stages/stage-b.json",
      "status": "PASS",
      "normalized_status": "PASS"
    },
    {
      "reference": "runs/2026-09-08/sep7-r7-current-main-production-r1/stages/stage-c.json",
      "status": "PASS",
      "normalized_status": "PASS"
    },
    {
      "reference": "runs/2026-09-08/sep7-r7-current-main-production-r1/stages/stage-0-4.json",
      "status": "PASS",
      "normalized_status": "PASS"
    },
    {
      "reference": "runs/2026-09-08/sep7-r7-current-main-production-r1/stages/stage-0-5.json",
      "status": "PASS",
      "normalized_status": "PASS"
    },
    {
      "reference": "runs/2026-09-08/sep7-r7-current-main-production-r1/stages/stage-0-6.json",
      "status": "PASS",
      "normalized_status": "PASS"
    },
    {
      "reference": "runs/2026-09-08/sep7-r7-current-main-production-r1/stages/stage-0-7.json",
      "status": "PASS",
      "normalized_status": "PASS"
    },
    {
      "reference": "runs/2026-09-08/sep7-r7-current-main-production-r1/stages/stage-a-promotion3.json",
      "status": "PASS",
      "normalized_status": "PASS"
    },
    {
      "reference": "runs/2026-09-08/sep7-r7-current-main-production-r1/stages/stage-b.json",
      "status": "PASS",
      "normalized_status": "PASS"
    },
    {
      "reference": "runs/2026-09-08/sep7-r7-current-main-production-r1/stages/stage-c.json",
      "status": "PASS",
      "normalized_status": "PASS"
    },
    {
      "reference": "runs/2026-09-08/sep7-r7-current-main-production-r1/stages/stage-0-4.json",
      "status": "PASS",
      "normalized_status": "PASS"
    },
    {
      "reference": "runs/2026-09-08/sep7-r7-current-main-production-r1/stages/stage-0-5.json",
      "status": "PASS",
      "normalized_status": "PASS"
    },
    {
      "reference": "runs/2026-09-08/sep7-r7-current-main-production-r1/stages/stage-0-6.json",
      "status": "PASS",
      "normalized_status": "PASS"
    },
    {
      "reference": "runs/2026-09-08/sep7-r7-current-main-production-r1/stages/stage-0-7.json",
      "status": "PASS",
      "normalized_status": "PASS"
    },
    {
      "reference": "runs/2026-09-08/sep7-r7-current-main-production-r1/stages/stage-a-promotion3.json",
      "status": "PASS",
      "normalized_status": "PASS"
    },
    {
      "reference": "runs/2026-09-08/sep7-r7-current-main-production-r1/stages/stage-b.json",
      "status": "PASS",
      "normalized_status": "PASS"
    },
    {
      "reference": "runs/2026-09-08/sep7-r7-current-main-production-r1/stages/stage-c.json",
      "status": "PASS",
      "normalized_status": "PASS"
    },
    {
      "reference": "runs/2026-09-08/sep7-r7-current-main-production-r1/stages/stage-0-4.json",
      "status": "PASS",
      "normalized_status": "PASS"
    },
    {
      "reference": "runs/2026-09-08/sep7-r7-current-main-production-r1/stages/stage-0-5.json",
      "status": "PASS",
      "normalized_status": "PASS"
    },
    {
      "reference": "runs/2026-09-08/sep7-r7-current-main-production-r1/stages/stage-0-6.json",
      "status": "PASS",
      "normalized_status": "PASS"
    },
    {
      "reference": "runs/2026-09-08/sep7-r7-current-main-production-r1/stages/stage-0-7.json",
      "status": "PASS",
      "normalized_status": "PASS"
    },
    {
      "reference": "runs/2026-09-08/sep7-r7-current-main-production-r1/stages/stage-a-promotion3.json",
      "status": "PASS",
      "normalized_status": "PASS"
    },
    {
      "reference": "runs/2026-09-08/sep7-r7-current-main-production-r1/stages/stage-b.json",
      "status": "PASS",
      "normalized_status": "PASS"
    },
    {
      "reference": "runs/2026-09-08/sep7-r7-current-main-production-r1/stages/stage-c.json",
      "status": "PASS",
      "normalized_status": "PASS"
    },
    {
      "reference": "runs/2026-09-08/sep7-r7-current-main-production-r1/stages/stage-0-4.json",
      "status": "PASS",
      "normalized_status": "PASS"
    },
    {
      "reference": "runs/2026-09-08/sep7-r7-current-main-production-r1/stages/stage-0-5.json",
      "status": "PASS",
      "normalized_status": "PASS"
    },
    {
      "reference": "runs/2026-09-08/sep7-r7-current-main-production-r1/stages/stage-0-6.json",
      "status": "PASS",
      "normalized_status": "PASS"
    },
    {
      "reference": "runs/2026-09-08/sep7-r7-current-main-production-r1/stages/stage-0-7.json",
      "status": "PASS",
      "normalized_status": "PASS"
    },
    {
      "reference": "runs/2026-09-08/sep7-r7-current-main-production-r1/stages/stage-a.json",
      "status": "PASS",
      "normalized_status": "PASS"
    },
    {
      "reference": "runs/2026-09-08/sep7-r7-current-main-production-r1/stages/stage-b.json",
      "status": "PASS",
      "normalized_status": "PASS"
    },
    {
      "reference": "runs/2026-09-08/sep7-r7-current-main-production-r1/stages/stage-c.json",
      "status": "PASS",
      "normalized_status": "PASS"
    },
    {
      "reference": "runs/2026-09-08/sep7-r7-current-main-production-r1/stages/stage-0-4.json",
      "status": "PASS",
      "normalized_status": "PASS"
    },
    {
      "reference": "runs/2026-09-08/sep7-r7-current-main-production-r1/stages/stage-0-5.json",
      "status": "PASS",
      "normalized_status": "PASS"
    },
    {
      "reference": "runs/2026-09-08/sep7-r7-current-main-production-r1/stages/stage-0-6.json",
      "status": "PASS",
      "normalized_status": "PASS"
    },
    {
      "reference": "runs/2026-09-08/sep7-r7-current-main-production-r1/stages/stage-0-7.json",
      "status": "PASS",
      "normalized_status": "PASS"
    },
    {
      "reference": "runs/2026-09-08/sep7-r7-current-main-production-r1/stages/stage-a.json",
      "status": "PASS",
      "normalized_status": "PASS"
    },
    {
      "reference": "runs/2026-09-08/sep7-r7-current-main-production-r1/stages/stage-b.json",
      "status": "PASS",
      "normalized_status": "PASS"
    },
    {
      "reference": "runs/2026-09-08/sep7-r7-current-main-production-r1/stages/stage-c.json",
      "status": "PASS",
      "normalized_status": "PASS"
    },
    {
      "reference": "runs/2026-09-08/sep7-r7-current-main-production-r1/stages/stage-0-4.json",
      "status": "PASS",
      "normalized_status": "PASS"
    },
    {
      "reference": "runs/2026-09-08/sep7-r7-current-main-production-r1/stages/stage-0-5.json",
      "status": "PASS",
      "normalized_status": "PASS"
    },
    {
      "reference": "runs/2026-09-08/sep7-r7-current-main-production-r1/stages/stage-0-6.json",
      "status": "PASS",
      "normalized_status": "PASS"
    },
    {
      "reference": "runs/2026-09-08/sep7-r7-current-main-production-r1/stages/stage-0-7.json",
      "status": "PASS",
      "normalized_status": "PASS"
    },
    {
      "reference": "runs/2026-09-08/sep7-r7-current-main-production-r1/stages/stage-a.json",
      "status": "PASS",
      "normalized_status": "PASS"
    },
    {
      "reference": "runs/2026-09-08/sep7-r7-current-main-production-r1/stages/stage-b.json",
      "status": "PASS",
      "normalized_status": "PASS"
    },
    {
      "reference": "runs/2026-09-08/sep7-r7-current-main-production-r1/stages/stage-c.json",
      "status": "PASS",
      "normalized_status": "PASS"
    },
    {
      "reference": "runs/2026-09-08/sep7-r7-current-main-production-r1/stages/stage-0-4.json",
      "status": "PASS",
      "normalized_status": "PASS"
    },
    {
      "reference": "runs/2026-09-08/sep7-r7-current-main-production-r1/stages/stage-0-5.json",
      "status": "PASS",
      "normalized_status": "PASS"
    },
    {
      "reference": "runs/2026-09-08/sep7-r7-current-main-production-r1/stages/stage-0-6.json",
      "status": "PASS",
      "normalized_status": "PASS"
    },
    {
      "reference": "runs/2026-09-08/sep7-r7-current-main-production-r1/stages/stage-0-7.json",
      "status": "PASS",
      "normalized_status": "PASS"
    }
  ]
}
PASS: 168 stage artifacts pass; Stage 0.7C is bound to card-run-2026-09-08-sep7-r7-current-main-production-r1; output_updated is RFC3339
{
  "status": "PASS",
  "stage_artifacts_validated": 168,
  "operations_with_complete_stage_chain": 24,
  "authoritative_binding": "PASS"
}
PASS: formal V4 hardening; stage artifacts validated=168; operations=24; baseline/Related binding=PASS
{
  "status": "PASS",
  "run_path": "runs/2026-09-08/sep7-r7-current-main-production-r1/card-run.json",
  "validated_artifact_count": 171,
  "artifacts": [
    {
      "kind": "run_level_governance",
      "reference": "runs/2026-09-08/sep7-r7-current-main-production-r1/stage-0-0d.json",
      "markers": [
        {
          "field": "status",
          "raw": "PASS",
          "normalized": "PASS"
        }
      ]
    },
    {
      "kind": "run_level_governance",
      "reference": "runs/2026-09-08/sep7-r7-current-main-production-r1/stage-0-0c.json",
      "markers": [
        {
          "field": "status",
          "raw": "PASS",
          "normalized": "PASS"
        }
      ]
    },
    {
      "kind": "run_level_governance",
      "reference": "runs/2026-09-08/sep7-r7-current-main-production-r1/stage-0-7c.json",
      "markers": [
        {
          "field": "status",
          "raw": "PASS_WITH_DECLARED_RESIDUAL_RISK",
          "normalized": "PASS_WITH_DECLARED_RESIDUAL_RISK"
        }
      ]
    },
    {
      "kind": "operation_stage",
      "reference": "runs/2026-09-08/sep7-r7-current-main-production-r1/stages/stage-a.json",
      "markers": [
        {
          "field": "status",
          "raw": "PASS",
          "normalized": "PASS"
        }
      ]
    },
    {
      "kind": "operation_stage",
      "reference": "runs/2026-09-08/sep7-r7-current-main-production-r1/stages/stage-b.json",
      "markers": [
        {
          "field": "status",
          "raw": "PASS",
          "normalized": "PASS"
        }
      ]
    },
    {
      "kind": "operation_stage",
      "reference": "runs/2026-09-08/sep7-r7-current-main-production-r1/stages/stage-c.json",
      "markers": [
        {
          "field": "status",
          "raw": "PASS",
          "normalized": "PASS"
        }
      ]
    },
    {
      "kind": "operation_stage",
      "reference": "runs/2026-09-08/sep7-r7-current-main-production-r1/stages/stage-0-4.json",
      "markers": [
        {
          "field": "status",
          "raw": "PASS",
          "normalized": "PASS"
        }
      ]
    },
    {
      "kind": "operation_stage",
      "reference": "runs/2026-09-08/sep7-r7-current-main-production-r1/stages/stage-0-5.json",
      "markers": [
        {
          "field": "status",
          "raw": "PASS",
          "normalized": "PASS"
        }
      ]
    },
    {
      "kind": "operation_stage",
      "reference": "runs/2026-09-08/sep7-r7-current-main-production-r1/stages/stage-0-6.json",
      "markers": [
        {
          "field": "status",
          "raw": "PASS",
          "normalized": "PASS"
        }
      ]
    },
    {
      "kind": "operation_stage",
      "reference": "runs/2026-09-08/sep7-r7-current-main-production-r1/stages/stage-0-7.json",
      "markers": [
        {
          "field": "status",
          "raw": "PASS",
          "normalized": "PASS"
        }
      ]
    },
    {
      "kind": "operation_stage",
      "reference": "runs/2026-09-08/sep7-r7-current-main-production-r1/stages/stage-a.json",
      "markers": [
        {
          "field": "status",
          "raw": "PASS",
          "normalized": "PASS"
        }
      ]
    },
    {
      "kind": "operation_stage",
      "reference": "runs/2026-09-08/sep7-r7-current-main-production-r1/stages/stage-b.json",
      "markers": [
        {
          "field": "status",
          "raw": "PASS",
          "normalized": "PASS"
        }
      ]
    },
    {
      "kind": "operation_stage",
      "reference": "runs/2026-09-08/sep7-r7-current-main-production-r1/stages/stage-c.json",
      "markers": [
        {
          "field": "status",
          "raw": "PASS",
          "normalized": "PASS"
        }
      ]
    },
    {
      "kind": "operation_stage",
      "reference": "runs/2026-09-08/sep7-r7-current-main-production-r1/stages/stage-0-4.json",
      "markers": [
        {
          "field": "status",
          "raw": "PASS",
          "normalized": "PASS"
        }
      ]
    },
    {
      "kind": "operation_stage",
      "reference": "runs/2026-09-08/sep7-r7-current-main-production-r1/stages/stage-0-5.json",
      "markers": [
        {
          "field": "status",
          "raw": "PASS",
          "normalized": "PASS"
        }
      ]
    },
    {
      "kind": "operation_stage",
      "reference": "runs/2026-09-08/sep7-r7-current-main-production-r1/stages/stage-0-6.json",
      "markers": [
        {
          "field": "status",
          "raw": "PASS",
          "normalized": "PASS"
        }
      ]
    },
    {
      "kind": "operation_stage",
      "reference": "runs/2026-09-08/sep7-r7-current-main-production-r1/stages/stage-0-7.json",
      "markers": [
        {
          "field": "status",
          "raw": "PASS",
          "normalized": "PASS"
        }
      ]
    },
    {
      "kind": "operation_stage",
      "reference": "runs/2026-09-08/sep7-r7-current-main-production-r1/stages/stage-a.json",
      "markers": [
        {
          "field": "status",
          "raw": "PASS",
          "normalized": "PASS"
        }
      ]
    },
    {
      "kind": "operation_stage",
      "reference": "runs/2026-09-08/sep7-r7-current-main-production-r1/stages/stage-b.json",
      "markers": [
        {
          "field": "status",
          "raw": "PASS",
          "normalized": "PASS"
        }
      ]
    },
    {
      "kind": "operation_stage",
      "reference": "runs/2026-09-08/sep7-r7-current-main-production-r1/stages/stage-c.json",
      "markers": [
        {
          "field": "status",
          "raw": "PASS",
          "normalized": "PASS"
        }
      ]
    },
    {
      "kind": "operation_stage",
      "reference": "runs/2026-09-08/sep7-r7-current-main-production-r1/stages/stage-0-4.json",
      "markers": [
        {
          "field": "status",
          "raw": "PASS",
          "normalized": "PASS"
        }
      ]
    },
    {
      "kind": "operation_stage",
      "reference": "runs/2026-09-08/sep7-r7-current-main-production-r1/stages/stage-0-5.json",
      "markers": [
        {
          "field": "status",
          "raw": "PASS",
          "normalized": "PASS"
        }
      ]
    },
    {
      "kind": "operation_stage",
      "reference": "runs/2026-09-08/sep7-r7-current-main-production-r1/stages/stage-0-6.json",
      "markers": [
        {
          "field": "status",
          "raw": "PASS",
          "normalized": "PASS"
        }
      ]
    },
    {
      "kind": "operation_stage",
      "reference": "runs/2026-09-08/sep7-r7-current-main-production-r1/stages/stage-0-7.json",
      "markers": [
        {
          "field": "status",
          "raw": "PASS",
          "normalized": "PASS"
        }
      ]
    },
    {
      "kind": "operation_stage",
      "reference": "runs/2026-09-08/sep7-r7-current-main-production-r1/stages/stage-a.json",
      "markers": [
        {
          "field": "status",
          "raw": "PASS",
          "normalized": "PASS"
        }
      ]
    },
    {
      "kind": "operation_stage",
      "reference": "runs/2026-09-08/sep7-r7-current-main-production-r1/stages/stage-b.json",
      "markers": [
        {
          "field": "status",
          "raw": "PASS",
          "normalized": "PASS"
        }
      ]
    },
    {
      "kind": "operation_stage",
      "reference": "runs/2026-09-08/sep7-r7-current-main-production-r1/stages/stage-c.json",
      "markers": [
        {
          "field": "status",
          "raw": "PASS",
          "normalized": "PASS"
        }
      ]
    },
    {
      "kind": "operation_stage",
      "reference": "runs/2026-09-08/sep7-r7-current-main-production-r1/stages/stage-0-4.json",
      "markers": [
        {
          "field": "status",
          "raw": "PASS",
          "normalized": "PASS"
        }
      ]
    },
    {
      "kind": "operation_stage",
      "reference": "runs/2026-09-08/sep7-r7-current-main-production-r1/stages/stage-0-5.json",
      "markers": [
        {
          "field": "status",
          "raw": "PASS",
          "normalized": "PASS"
        }
      ]
    },
    {
      "kind": "operation_stage",
      "reference": "runs/2026-09-08/sep7-r7-current-main-production-r1/stages/stage-0-6.json",
      "markers": [
        {
          "field": "status",
          "raw": "PASS",
          "normalized": "PASS"
        }
      ]
    },
    {
      "kind": "operation_stage",
      "reference": "runs/2026-09-08/sep7-r7-current-main-production-r1/stages/stage-0-7.json",
      "markers": [
        {
          "field": "status",
          "raw": "PASS",
          "normalized": "PASS"
        }
      ]
    },
    {
      "kind": "operation_stage",
      "reference": "runs/2026-09-08/sep7-r7-current-main-production-r1/stages/stage-a.json",
      "markers": [
        {
          "field": "status",
          "raw": "PASS",
          "normalized": "PASS"
        }
      ]
    },
    {
      "kind": "operation_stage",
      "reference": "runs/2026-09-08/sep7-r7-current-main-production-r1/stages/stage-b.json",
      "markers": [
        {
          "field": "status",
          "raw": "PASS",
          "normalized": "PASS"
        }
      ]
    },
    {
      "kind": "operation_stage",
      "reference": "runs/2026-09-08/sep7-r7-current-main-production-r1/stages/stage-c.json",
      "markers": [
        {
          "field": "status",
          "raw": "PASS",
          "normalized": "PASS"
        }
      ]
    },
    {
      "kind": "operation_stage",
      "reference": "runs/2026-09-08/sep7-r7-current-main-production-r1/stages/stage-0-4.json",
      "markers": [
        {
          "field": "status",
          "raw": "PASS",
          "normalized": "PASS"
        }
      ]
    },
    {
      "kind": "operation_stage",
      "reference": "runs/2026-09-08/sep7-r7-current-main-production-r1/stages/stage-0-5.json",
      "markers": [
        {
          "field": "status",
          "raw": "PASS",
          "normalized": "PASS"
        }
      ]
    },
    {
      "kind": "operation_stage",
      "reference": "runs/2026-09-08/sep7-r7-current-main-production-r1/stages/stage-0-6.json",
      "markers": [
        {
          "field": "status",
          "raw": "PASS",
          "normalized": "PASS"
        }
      ]
    },
    {
      "kind": "operation_stage",
      "reference": "runs/2026-09-08/sep7-r7-current-main-production-r1/stages/stage-0-7.json",
      "markers": [
        {
          "field": "status",
          "raw": "PASS",
          "normalized": "PASS"
        }
      ]
    },
    {
      "kind": "operation_stage",
      "reference": "runs/2026-09-08/sep7-r7-current-main-production-r1/stages/stage-a.json",
      "markers": [
        {
          "field": "status",
          "raw": "PASS",
          "normalized": "PASS"
        }
      ]
    },
    {
      "kind": "operation_stage",
      "reference": "runs/2026-09-08/sep7-r7-current-main-production-r1/stages/stage-b.json",
      "markers": [
        {
          "field": "status",
          "raw": "PASS",
          "normalized": "PASS"
        }
      ]
    },
    {
      "kind": "operation_stage",
      "reference": "runs/2026-09-08/sep7-r7-current-main-production-r1/stages/stage-c.json",
      "markers": [
        {
          "field": "status",
          "raw": "PASS",
          "normalized": "PASS"
        }
      ]
    },
    {
      "kind": "operation_stage",
      "reference": "runs/2026-09-08/sep7-r7-current-main-production-r1/stages/stage-0-4.json",
      "markers": [
        {
          "field": "status",
          "raw": "PASS",
          "normalized": "PASS"
        }
      ]
    },
    {
      "kind": "operation_stage",
      "reference": "runs/2026-09-08/sep7-r7-current-main-production-r1/stages/stage-0-5.json",
      "markers": [
        {
          "field": "status",
          "raw": "PASS",
          "normalized": "PASS"
        }
      ]
    },
    {
      "kind": "operation_stage",
      "reference": "runs/2026-09-08/sep7-r7-current-main-production-r1/stages/stage-0-6.json",
      "markers": [
        {
          "field": "status",
          "raw": "PASS",
          "normalized": "PASS"
        }
      ]
    },
    {
      "kind": "operation_stage",
      "reference": "runs/2026-09-08/sep7-r7-current-main-production-r1/stages/stage-0-7.json",
      "markers": [
        {
          "field": "status",
          "raw": "PASS",
          "normalized": "PASS"
        }
      ]
    },
    {
      "kind": "operation_stage",
      "reference": "runs/2026-09-08/sep7-r7-current-main-production-r1/stages/stage-a.json",
      "markers": [
        {
          "field": "status",
          "raw": "PASS",
          "normalized": "PASS"
        }
      ]
    },
    {
      "kind": "operation_stage",
      "reference": "runs/2026-09-08/sep7-r7-current-main-production-r1/stages/stage-b.json",
      "markers": [
        {
          "field": "status",
          "raw": "PASS",
          "normalized": "PASS"
        }
      ]
    },
    {
      "kind": "operation_stage",
      "reference": "runs/2026-09-08/sep7-r7-current-main-production-r1/stages/stage-c.json",
      "markers": [
        {
          "field": "status",
          "raw": "PASS",
          "normalized": "PASS"
        }
      ]
    },
    {
      "kind": "operation_stage",
      "reference": "runs/2026-09-08/sep7-r7-current-main-production-r1/stages/stage-0-4.json",
      "markers": [
        {
          "field": "status",
          "raw": "PASS",
          "normalized": "PASS"
        }
      ]
    },
    {
      "kind": "operation_stage",
      "reference": "runs/2026-09-08/sep7-r7-current-main-production-r1/stages/stage-0-5.json",
      "markers": [
        {
          "field": "status",
          "raw": "PASS",
          "normalized": "PASS"
        }
      ]
    },
    {
      "kind": "operation_stage",
      "reference": "runs/2026-09-08/sep7-r7-current-main-production-r1/stages/stage-0-6.json",
      "markers": [
        {
          "field": "status",
          "raw": "PASS",
          "normalized": "PASS"
        }
      ]
    },
    {
      "kind": "operation_stage",
      "reference": "runs/2026-09-08/sep7-r7-current-main-production-r1/stages/stage-0-7.json",
      "markers": [
        {
          "field": "status",
          "raw": "PASS",
          "normalized": "PASS"
        }
      ]
    },
    {
      "kind": "operation_stage",
      "reference": "runs/2026-09-08/sep7-r7-current-main-production-r1/stages/stage-a.json",
      "markers": [
        {
          "field": "status",
          "raw": "PASS",
          "normalized": "PASS"
        }
      ]
    },
    {
      "kind": "operation_stage",
      "reference": "runs/2026-09-08/sep7-r7-current-main-production-r1/stages/stage-b.json",
      "markers": [
        {
          "field": "status",
          "raw": "PASS",
          "normalized": "PASS"
        }
      ]
    },
    {
      "kind": "operation_stage",
      "reference": "runs/2026-09-08/sep7-r7-current-main-production-r1/stages/stage-c.json",
      "markers": [
        {
          "field": "status",
          "raw": "PASS",
          "normalized": "PASS"
        }
      ]
    },
    {
      "kind": "operation_stage",
      "reference": "runs/2026-09-08/sep7-r7-current-main-production-r1/stages/stage-0-4.json",
      "markers": [
        {
          "field": "status",
          "raw": "PASS",
          "normalized": "PASS"
        }
      ]
    },
    {
      "kind": "operation_stage",
      "reference": "runs/2026-09-08/sep7-r7-current-main-production-r1/stages/stage-0-5.json",
      "markers": [
        {
          "field": "status",
          "raw": "PASS",
          "normalized": "PASS"
        }
      ]
    },
    {
      "kind": "operation_stage",
      "reference": "runs/2026-09-08/sep7-r7-current-main-production-r1/stages/stage-0-6.json",
      "markers": [
        {
          "field": "status",
          "raw": "PASS",
          "normalized": "PASS"
        }
      ]
    },
    {
      "kind": "operation_stage",
      "reference": "runs/2026-09-08/sep7-r7-current-main-production-r1/stages/stage-0-7.json",
      "markers": [
        {
          "field": "status",
          "raw": "PASS",
          "normalized": "PASS"
        }
      ]
    },
    {
      "kind": "operation_stage",
      "reference": "runs/2026-09-08/sep7-r7-current-main-production-r1/stages/stage-a.json",
      "markers": [
        {
          "field": "status",
          "raw": "PASS",
          "normalized": "PASS"
        }
      ]
    },
    {
      "kind": "operation_stage",
      "reference": "runs/2026-09-08/sep7-r7-current-main-production-r1/stages/stage-b.json",
      "markers": [
        {
          "field": "status",
          "raw": "PASS",
          "normalized": "PASS"
        }
      ]
    },
    {
      "kind": "operation_stage",
      "reference": "runs/2026-09-08/sep7-r7-current-main-production-r1/stages/stage-c.json",
      "markers": [
        {
          "field": "status",
          "raw": "PASS",
          "normalized": "PASS"
        }
      ]
    },
    {
      "kind": "operation_stage",
      "reference": "runs/2026-09-08/sep7-r7-current-main-production-r1/stages/stage-0-4.json",
      "markers": [
        {
          "field": "status",
          "raw": "PASS",
          "normalized": "PASS"
        }
      ]
    },
    {
      "kind": "operation_stage",
      "reference": "runs/2026-09-08/sep7-r7-current-main-production-r1/stages/stage-0-5.json",
      "markers": [
        {
          "field": "status",
          "raw": "PASS",
          "normalized": "PASS"
        }
      ]
    },
    {
      "kind": "operation_stage",
      "reference": "runs/2026-09-08/sep7-r7-current-main-production-r1/stages/stage-0-6.json",
      "markers": [
        {
          "field": "status",
          "raw": "PASS",
          "normalized": "PASS"
        }
      ]
    },
    {
      "kind": "operation_stage",
      "reference": "runs/2026-09-08/sep7-r7-current-main-production-r1/stages/stage-0-7.json",
      "markers": [
        {
          "field": "status",
          "raw": "PASS",
          "normalized": "PASS"
        }
      ]
    },
    {
      "kind": "operation_stage",
      "reference": "runs/2026-09-08/sep7-r7-current-main-production-r1/stages/stage-a.json",
      "markers": [
        {
          "field": "status",
          "raw": "PASS",
          "normalized": "PASS"
        }
      ]
    },
    {
      "kind": "operation_stage",
      "reference": "runs/2026-09-08/sep7-r7-current-main-production-r1/stages/stage-b.json",
      "markers": [
        {
          "field": "status",
          "raw": "PASS",
          "normalized": "PASS"
        }
      ]
    },
    {
      "kind": "operation_stage",
      "reference": "runs/2026-09-08/sep7-r7-current-main-production-r1/stages/stage-c.json",
      "markers": [
        {
          "field": "status",
          "raw": "PASS",
          "normalized": "PASS"
        }
      ]
    },
    {
      "kind": "operation_stage",
      "reference": "runs/2026-09-08/sep7-r7-current-main-production-r1/stages/stage-0-4.json",
      "markers": [
        {
          "field": "status",
          "raw": "PASS",
          "normalized": "PASS"
        }
      ]
    },
    {
      "kind": "operation_stage",
      "reference": "runs/2026-09-08/sep7-r7-current-main-production-r1/stages/stage-0-5.json",
      "markers": [
        {
          "field": "status",
          "raw": "PASS",
          "normalized": "PASS"
        }
      ]
    },
    {
      "kind": "operation_stage",
      "reference": "runs/2026-09-08/sep7-r7-current-main-production-r1/stages/stage-0-6.json",
      "markers": [
        {
          "field": "status",
          "raw": "PASS",
          "normalized": "PASS"
        }
      ]
    },
    {
      "kind": "operation_stage",
      "reference": "runs/2026-09-08/sep7-r7-current-main-production-r1/stages/stage-0-7.json",
      "markers": [
        {
          "field": "status",
          "raw": "PASS",
          "normalized": "PASS"
        }
      ]
    },
    {
      "kind": "operation_stage",
      "reference": "runs/2026-09-08/sep7-r7-current-main-production-r1/stages/stage-a.json",
      "markers": [
        {
          "field": "status",
          "raw": "PASS",
          "normalized": "PASS"
        }
      ]
    },
    {
      "kind": "operation_stage",
      "reference": "runs/2026-09-08/sep7-r7-current-main-production-r1/stages/stage-b.json",
      "markers": [
        {
          "field": "status",
          "raw": "PASS",
          "normalized": "PASS"
        }
      ]
    },
    {
      "kind": "operation_stage",
      "reference": "runs/2026-09-08/sep7-r7-current-main-production-r1/stages/stage-c.json",
      "markers": [
        {
          "field": "status",
          "raw": "PASS",
          "normalized": "PASS"
        }
      ]
    },
    {
      "kind": "operation_stage",
      "reference": "runs/2026-09-08/sep7-r7-current-main-production-r1/stages/stage-0-4.json",
      "markers": [
        {
          "field": "status",
          "raw": "PASS",
          "normalized": "PASS"
        }
      ]
    },
    {
      "kind": "operation_stage",
      "reference": "runs/2026-09-08/sep7-r7-current-main-production-r1/stages/stage-0-5.json",
      "markers": [
        {
          "field": "status",
          "raw": "PASS",
          "normalized": "PASS"
        }
      ]
    },
    {
      "kind": "operation_stage",
      "reference": "runs/2026-09-08/sep7-r7-current-main-production-r1/stages/stage-0-6.json",
      "markers": [
        {
          "field": "status",
          "raw": "PASS",
          "normalized": "PASS"
        }
      ]
    },
    {
      "kind": "operation_stage",
      "reference": "runs/2026-09-08/sep7-r7-current-main-production-r1/stages/stage-0-7.json",
      "markers": [
        {
          "field": "status",
          "raw": "PASS",
          "normalized": "PASS"
        }
      ]
    },
    {
      "kind": "operation_stage",
      "reference": "runs/2026-09-08/sep7-r7-current-main-production-r1/stages/stage-a.json",
      "markers": [
        {
          "field": "status",
          "raw": "PASS",
          "normalized": "PASS"
        }
      ]
    },
    {
      "kind": "operation_stage",
      "reference": "runs/2026-09-08/sep7-r7-current-main-production-r1/stages/stage-b.json",
      "markers": [
        {
          "field": "status",
          "raw": "PASS",
          "normalized": "PASS"
        }
      ]
    },
    {
      "kind": "operation_stage",
      "reference": "runs/2026-09-08/sep7-r7-current-main-production-r1/stages/stage-c.json",
      "markers": [
        {
          "field": "status",
          "raw": "PASS",
          "normalized": "PASS"
        }
      ]
    },
    {
      "kind": "operation_stage",
      "reference": "runs/2026-09-08/sep7-r7-current-main-production-r1/stages/stage-0-4.json",
      "markers": [
        {
          "field": "status",
          "raw": "PASS",
          "normalized": "PASS"
        }
      ]
    },
    {
      "kind": "operation_stage",
      "reference": "runs/2026-09-08/sep7-r7-current-main-production-r1/stages/stage-0-5.json",
      "markers": [
        {
          "field": "status",
          "raw": "PASS",
          "normalized": "PASS"
        }
      ]
    },
    {
      "kind": "operation_stage",
      "reference": "runs/2026-09-08/sep7-r7-current-main-production-r1/stages/stage-0-6.json",
      "markers": [
        {
          "field": "status",
          "raw": "PASS",
          "normalized": "PASS"
        }
      ]
    },
    {
      "kind": "operation_stage",
      "reference": "runs/2026-09-08/sep7-r7-current-main-production-r1/stages/stage-0-7.json",
      "markers": [
        {
          "field": "status",
          "raw": "PASS",
          "normalized": "PASS"
        }
      ]
    },
    {
      "kind": "operation_stage",
      "reference": "runs/2026-09-08/sep7-r7-current-main-production-r1/stages/stage-a.json",
      "markers": [
        {
          "field": "status",
          "raw": "PASS",
          "normalized": "PASS"
        }
      ]
    },
    {
      "kind": "operation_stage",
      "reference": "runs/2026-09-08/sep7-r7-current-main-production-r1/stages/stage-b.json",
      "markers": [
        {
          "field": "status",
          "raw": "PASS",
          "normalized": "PASS"
        }
      ]
    },
    {
      "kind": "operation_stage",
      "reference": "runs/2026-09-08/sep7-r7-current-main-production-r1/stages/stage-c.json",
      "markers": [
        {
          "field": "status",
          "raw": "PASS",
          "normalized": "PASS"
        }
      ]
    },
    {
      "kind": "operation_stage",
      "reference": "runs/2026-09-08/sep7-r7-current-main-production-r1/stages/stage-0-4.json",
      "markers": [
        {
          "field": "status",
          "raw": "PASS",
          "normalized": "PASS"
        }
      ]
    },
    {
      "kind": "operation_stage",
      "reference": "runs/2026-09-08/sep7-r7-current-main-production-r1/stages/stage-0-5.json",
      "markers": [
        {
          "field": "status",
          "raw": "PASS",
          "normalized": "PASS"
        }
      ]
    },
    {
      "kind": "operation_stage",
      "reference": "runs/2026-09-08/sep7-r7-current-main-production-r1/stages/stage-0-6.json",
      "markers": [
        {
          "field": "status",
          "raw": "PASS",
          "normalized": "PASS"
        }
      ]
    },
    {
      "kind": "operation_stage",
      "reference": "runs/2026-09-08/sep7-r7-current-main-production-r1/stages/stage-0-7.json",
      "markers": [
        {
          "field": "status",
          "raw": "PASS",
          "normalized": "PASS"
        }
      ]
    },
    {
      "kind": "operation_stage",
      "reference": "runs/2026-09-08/sep7-r7-current-main-production-r1/stages/stage-a.json",
      "markers": [
        {
          "field": "status",
          "raw": "PASS",
          "normalized": "PASS"
        }
      ]
    },
    {
      "kind": "operation_stage",
      "reference": "runs/2026-09-08/sep7-r7-current-main-production-r1/stages/stage-b.json",
      "markers": [
        {
          "field": "status",
          "raw": "PASS",
          "normalized": "PASS"
        }
      ]
    },
    {
      "kind": "operation_stage",
      "reference": "runs/2026-09-08/sep7-r7-current-main-production-r1/stages/stage-c.json",
      "markers": [
        {
          "field": "status",
          "raw": "PASS",
          "normalized": "PASS"
        }
      ]
    },
    {
      "kind": "operation_stage",
      "reference": "runs/2026-09-08/sep7-r7-current-main-production-r1/stages/stage-0-4.json",
      "markers": [
        {
          "field": "status",
          "raw": "PASS",
          "normalized": "PASS"
        }
      ]
    },
    {
      "kind": "operation_stage",
      "reference": "runs/2026-09-08/sep7-r7-current-main-production-r1/stages/stage-0-5.json",
      "markers": [
        {
          "field": "status",
          "raw": "PASS",
          "normalized": "PASS"
        }
      ]
    },
    {
      "kind": "operation_stage",
      "reference": "runs/2026-09-08/sep7-r7-current-main-production-r1/stages/stage-0-6.json",
      "markers": [
        {
          "field": "status",
          "raw": "PASS",
          "normalized": "PASS"
        }
      ]
    },
    {
      "kind": "operation_stage",
      "reference": "runs/2026-09-08/sep7-r7-current-main-production-r1/stages/stage-0-7.json",
      "markers": [
        {
          "field": "status",
          "raw": "PASS",
          "normalized": "PASS"
        }
      ]
    },
    {
      "kind": "operation_stage",
      "reference": "runs/2026-09-08/sep7-r7-current-main-production-r1/stages/stage-a.json",
      "markers": [
        {
          "field": "status",
          "raw": "PASS",
          "normalized": "PASS"
        }
      ]
    },
    {
      "kind": "operation_stage",
      "reference": "runs/2026-09-08/sep7-r7-current-main-production-r1/stages/stage-b.json",
      "markers": [
        {
          "field": "status",
          "raw": "PASS",
          "normalized": "PASS"
        }
      ]
    },
    {
      "kind": "operation_stage",
      "reference": "runs/2026-09-08/sep7-r7-current-main-production-r1/stages/stage-c.json",
      "markers": [
        {
          "field": "status",
          "raw": "PASS",
          "normalized": "PASS"
        }
      ]
    },
    {
      "kind": "operation_stage",
      "reference": "runs/2026-09-08/sep7-r7-current-main-production-r1/stages/stage-0-4.json",
      "markers": [
        {
          "field": "status",
          "raw": "PASS",
          "normalized": "PASS"
        }
      ]
    },
    {
      "kind": "operation_stage",
      "reference": "runs/2026-09-08/sep7-r7-current-main-production-r1/stages/stage-0-5.json",
      "markers": [
        {
          "field": "status",
          "raw": "PASS",
          "normalized": "PASS"
        }
      ]
    },
    {
      "kind": "operation_stage",
      "reference": "runs/2026-09-08/sep7-r7-current-main-production-r1/stages/stage-0-6.json",
      "markers": [
        {
          "field": "status",
          "raw": "PASS",
          "normalized": "PASS"
        }
      ]
    },
    {
      "kind": "operation_stage",
      "reference": "runs/2026-09-08/sep7-r7-current-main-production-r1/stages/stage-0-7.json",
      "markers": [
        {
          "field": "status",
          "raw": "PASS",
          "normalized": "PASS"
        }
      ]
    },
    {
      "kind": "operation_stage",
      "reference": "runs/2026-09-08/sep7-r7-current-main-production-r1/stages/stage-a.json",
      "markers": [
        {
          "field": "status",
          "raw": "PASS",
          "normalized": "PASS"
        }
      ]
    },
    {
      "kind": "operation_stage",
      "reference": "runs/2026-09-08/sep7-r7-current-main-production-r1/stages/stage-b.json",
      "markers": [
        {
          "field": "status",
          "raw": "PASS",
          "normalized": "PASS"
        }
      ]
    },
    {
      "kind": "operation_stage",
      "reference": "runs/2026-09-08/sep7-r7-current-main-production-r1/stages/stage-c.json",
      "markers": [
        {
          "field": "status",
          "raw": "PASS",
          "normalized": "PASS"
        }
      ]
    },
    {
      "kind": "operation_stage",
      "reference": "runs/2026-09-08/sep7-r7-current-main-production-r1/stages/stage-0-4.json",
      "markers": [
        {
          "field": "status",
          "raw": "PASS",
          "normalized": "PASS"
        }
      ]
    },
    {
      "kind": "operation_stage",
      "reference": "runs/2026-09-08/sep7-r7-current-main-production-r1/stages/stage-0-5.json",
      "markers": [
        {
          "field": "status",
          "raw": "PASS",
          "normalized": "PASS"
        }
      ]
    },
    {
      "kind": "operation_stage",
      "reference": "runs/2026-09-08/sep7-r7-current-main-production-r1/stages/stage-0-6.json",
      "markers": [
        {
          "field": "status",
          "raw": "PASS",
          "normalized": "PASS"
        }
      ]
    },
    {
      "kind": "operation_stage",
      "reference": "runs/2026-09-08/sep7-r7-current-main-production-r1/stages/stage-0-7.json",
      "markers": [
        {
          "field": "status",
          "raw": "PASS",
          "normalized": "PASS"
        }
      ]
    },
    {
      "kind": "operation_stage",
      "reference": "runs/2026-09-08/sep7-r7-current-main-production-r1/stages/stage-a.json",
      "markers": [
        {
          "field": "status",
          "raw": "PASS",
          "normalized": "PASS"
        }
      ]
    },
    {
      "kind": "operation_stage",
      "reference": "runs/2026-09-08/sep7-r7-current-main-production-r1/stages/stage-b.json",
      "markers": [
        {
          "field": "status",
          "raw": "PASS",
          "normalized": "PASS"
        }
      ]
    },
    {
      "kind": "operation_stage",
      "reference": "runs/2026-09-08/sep7-r7-current-main-production-r1/stages/stage-c.json",
      "markers": [
        {
          "field": "status",
          "raw": "PASS",
          "normalized": "PASS"
        }
      ]
    },
    {
      "kind": "operation_stage",
      "reference": "runs/2026-09-08/sep7-r7-current-main-production-r1/stages/stage-0-4.json",
      "markers": [
        {
          "field": "status",
          "raw": "PASS",
          "normalized": "PASS"
        }
      ]
    },
    {
      "kind": "operation_stage",
      "reference": "runs/2026-09-08/sep7-r7-current-main-production-r1/stages/stage-0-5.json",
      "markers": [
        {
          "field": "status",
          "raw": "PASS",
          "normalized": "PASS"
        }
      ]
    },
    {
      "kind": "operation_stage",
      "reference": "runs/2026-09-08/sep7-r7-current-main-production-r1/stages/stage-0-6.json",
      "markers": [
        {
          "field": "status",
          "raw": "PASS",
          "normalized": "PASS"
        }
      ]
    },
    {
      "kind": "operation_stage",
      "reference": "runs/2026-09-08/sep7-r7-current-main-production-r1/stages/stage-0-7.json",
      "markers": [
        {
          "field": "status",
          "raw": "PASS",
          "normalized": "PASS"
        }
      ]
    },
    {
      "kind": "operation_stage",
      "reference": "runs/2026-09-08/sep7-r7-current-main-production-r1/stages/stage-a.json",
      "markers": [
        {
          "field": "status",
          "raw": "PASS",
          "normalized": "PASS"
        }
      ]
    },
    {
      "kind": "operation_stage",
      "reference": "runs/2026-09-08/sep7-r7-current-main-production-r1/stages/stage-b.json",
      "markers": [
        {
          "field": "status",
          "raw": "PASS",
          "normalized": "PASS"
        }
      ]
    },
    {
      "kind": "operation_stage",
      "reference": "runs/2026-09-08/sep7-r7-current-main-production-r1/stages/stage-c.json",
      "markers": [
        {
          "field": "status",
          "raw": "PASS",
          "normalized": "PASS"
        }
      ]
    },
    {
      "kind": "operation_stage",
      "reference": "runs/2026-09-08/sep7-r7-current-main-production-r1/stages/stage-0-4.json",
      "markers": [
        {
          "field": "status",
          "raw": "PASS",
          "normalized": "PASS"
        }
      ]
    },
    {
      "kind": "operation_stage",
      "reference": "runs/2026-09-08/sep7-r7-current-main-production-r1/stages/stage-0-5.json",
      "markers": [
        {
          "field": "status",
          "raw": "PASS",
          "normalized": "PASS"
        }
      ]
    },
    {
      "kind": "operation_stage",
      "reference": "runs/2026-09-08/sep7-r7-current-main-production-r1/stages/stage-0-6.json",
      "markers": [
        {
          "field": "status",
          "raw": "PASS",
          "normalized": "PASS"
        }
      ]
    },
    {
      "kind": "operation_stage",
      "reference": "runs/2026-09-08/sep7-r7-current-main-production-r1/stages/stage-0-7.json",
      "markers": [
        {
          "field": "status",
          "raw": "PASS",
          "normalized": "PASS"
        }
      ]
    },
    {
      "kind": "operation_stage",
      "reference": "runs/2026-09-08/sep7-r7-current-main-production-r1/stages/stage-a-promotion3.json",
      "markers": [
        {
          "field": "status",
          "raw": "PASS",
          "normalized": "PASS"
        }
      ]
    },
    {
      "kind": "operation_stage",
      "reference": "runs/2026-09-08/sep7-r7-current-main-production-r1/stages/stage-b.json",
      "markers": [
        {
          "field": "status",
          "raw": "PASS",
          "normalized": "PASS"
        }
      ]
    },
    {
      "kind": "operation_stage",
      "reference": "runs/2026-09-08/sep7-r7-current-main-production-r1/stages/stage-c.json",
      "markers": [
        {
          "field": "status",
          "raw": "PASS",
          "normalized": "PASS"
        }
      ]
    },
    {
      "kind": "operation_stage",
      "reference": "runs/2026-09-08/sep7-r7-current-main-production-r1/stages/stage-0-4.json",
      "markers": [
        {
          "field": "status",
          "raw": "PASS",
          "normalized": "PASS"
        }
      ]
    },
    {
      "kind": "operation_stage",
      "reference": "runs/2026-09-08/sep7-r7-current-main-production-r1/stages/stage-0-5.json",
      "markers": [
        {
          "field": "status",
          "raw": "PASS",
          "normalized": "PASS"
        }
      ]
    },
    {
      "kind": "operation_stage",
      "reference": "runs/2026-09-08/sep7-r7-current-main-production-r1/stages/stage-0-6.json",
      "markers": [
        {
          "field": "status",
          "raw": "PASS",
          "normalized": "PASS"
        }
      ]
    },
    {
      "kind": "operation_stage",
      "reference": "runs/2026-09-08/sep7-r7-current-main-production-r1/stages/stage-0-7.json",
      "markers": [
        {
          "field": "status",
          "raw": "PASS",
          "normalized": "PASS"
        }
      ]
    },
    {
      "kind": "operation_stage",
      "reference": "runs/2026-09-08/sep7-r7-current-main-production-r1/stages/stage-a-promotion3.json",
      "markers": [
        {
          "field": "status",
          "raw": "PASS",
          "normalized": "PASS"
        }
      ]
    },
    {
      "kind": "operation_stage",
      "reference": "runs/2026-09-08/sep7-r7-current-main-production-r1/stages/stage-b.json",
      "markers": [
        {
          "field": "status",
          "raw": "PASS",
          "normalized": "PASS"
        }
      ]
    },
    {
      "kind": "operation_stage",
      "reference": "runs/2026-09-08/sep7-r7-current-main-production-r1/stages/stage-c.json",
      "markers": [
        {
          "field": "status",
          "raw": "PASS",
          "normalized": "PASS"
        }
      ]
    },
    {
      "kind": "operation_stage",
      "reference": "runs/2026-09-08/sep7-r7-current-main-production-r1/stages/stage-0-4.json",
      "markers": [
        {
          "field": "status",
          "raw": "PASS",
          "normalized": "PASS"
        }
      ]
    },
    {
      "kind": "operation_stage",
      "reference": "runs/2026-09-08/sep7-r7-current-main-production-r1/stages/stage-0-5.json",
      "markers": [
        {
          "field": "status",
          "raw": "PASS",
          "normalized": "PASS"
        }
      ]
    },
    {
      "kind": "operation_stage",
      "reference": "runs/2026-09-08/sep7-r7-current-main-production-r1/stages/stage-0-6.json",
      "markers": [
        {
          "field": "status",
          "raw": "PASS",
          "normalized": "PASS"
        }
      ]
    },
    {
      "kind": "operation_stage",
      "reference": "runs/2026-09-08/sep7-r7-current-main-production-r1/stages/stage-0-7.json",
      "markers": [
        {
          "field": "status",
          "raw": "PASS",
          "normalized": "PASS"
        }
      ]
    },
    {
      "kind": "operation_stage",
      "reference": "runs/2026-09-08/sep7-r7-current-main-production-r1/stages/stage-a-promotion3.json",
      "markers": [
        {
          "field": "status",
          "raw": "PASS",
          "normalized": "PASS"
        }
      ]
    },
    {
      "kind": "operation_stage",
      "reference": "runs/2026-09-08/sep7-r7-current-main-production-r1/stages/stage-b.json",
      "markers": [
        {
          "field": "status",
          "raw": "PASS",
          "normalized": "PASS"
        }
      ]
    },
    {
      "kind": "operation_stage",
      "reference": "runs/2026-09-08/sep7-r7-current-main-production-r1/stages/stage-c.json",
      "markers": [
        {
          "field": "status",
          "raw": "PASS",
          "normalized": "PASS"
        }
      ]
    },
    {
      "kind": "operation_stage",
      "reference": "runs/2026-09-08/sep7-r7-current-main-production-r1/stages/stage-0-4.json",
      "markers": [
        {
          "field": "status",
          "raw": "PASS",
          "normalized": "PASS"
        }
      ]
    },
    {
      "kind": "operation_stage",
      "reference": "runs/2026-09-08/sep7-r7-current-main-production-r1/stages/stage-0-5.json",
      "markers": [
        {
          "field": "status",
          "raw": "PASS",
          "normalized": "PASS"
        }
      ]
    },
    {
      "kind": "operation_stage",
      "reference": "runs/2026-09-08/sep7-r7-current-main-production-r1/stages/stage-0-6.json",
      "markers": [
        {
          "field": "status",
          "raw": "PASS",
          "normalized": "PASS"
        }
      ]
    },
    {
      "kind": "operation_stage",
      "reference": "runs/2026-09-08/sep7-r7-current-main-production-r1/stages/stage-0-7.json",
      "markers": [
        {
          "field": "status",
          "raw": "PASS",
          "normalized": "PASS"
        }
      ]
    },
    {
      "kind": "operation_stage",
      "reference": "runs/2026-09-08/sep7-r7-current-main-production-r1/stages/stage-a.json",
      "markers": [
        {
          "field": "status",
          "raw": "PASS",
          "normalized": "PASS"
        }
      ]
    },
    {
      "kind": "operation_stage",
      "reference": "runs/2026-09-08/sep7-r7-current-main-production-r1/stages/stage-b.json",
      "markers": [
        {
          "field": "status",
          "raw": "PASS",
          "normalized": "PASS"
        }
      ]
    },
    {
      "kind": "operation_stage",
      "reference": "runs/2026-09-08/sep7-r7-current-main-production-r1/stages/stage-c.json",
      "markers": [
        {
          "field": "status",
          "raw": "PASS",
          "normalized": "PASS"
        }
      ]
    },
    {
      "kind": "operation_stage",
      "reference": "runs/2026-09-08/sep7-r7-current-main-production-r1/stages/stage-0-4.json",
      "markers": [
        {
          "field": "status",
          "raw": "PASS",
          "normalized": "PASS"
        }
      ]
    },
    {
      "kind": "operation_stage",
      "reference": "runs/2026-09-08/sep7-r7-current-main-production-r1/stages/stage-0-5.json",
      "markers": [
        {
          "field": "status",
          "raw": "PASS",
          "normalized": "PASS"
        }
      ]
    },
    {
      "kind": "operation_stage",
      "reference": "runs/2026-09-08/sep7-r7-current-main-production-r1/stages/stage-0-6.json",
      "markers": [
        {
          "field": "status",
          "raw": "PASS",
          "normalized": "PASS"
        }
      ]
    },
    {
      "kind": "operation_stage",
      "reference": "runs/2026-09-08/sep7-r7-current-main-production-r1/stages/stage-0-7.json",
      "markers": [
        {
          "field": "status",
          "raw": "PASS",
          "normalized": "PASS"
        }
      ]
    },
    {
      "kind": "operation_stage",
      "reference": "runs/2026-09-08/sep7-r7-current-main-production-r1/stages/stage-a.json",
      "markers": [
        {
          "field": "status",
          "raw": "PASS",
          "normalized": "PASS"
        }
      ]
    },
    {
      "kind": "operation_stage",
      "reference": "runs/2026-09-08/sep7-r7-current-main-production-r1/stages/stage-b.json",
      "markers": [
        {
          "field": "status",
          "raw": "PASS",
          "normalized": "PASS"
        }
      ]
    },
    {
      "kind": "operation_stage",
      "reference": "runs/2026-09-08/sep7-r7-current-main-production-r1/stages/stage-c.json",
      "markers": [
        {
          "field": "status",
          "raw": "PASS",
          "normalized": "PASS"
        }
      ]
    },
    {
      "kind": "operation_stage",
      "reference": "runs/2026-09-08/sep7-r7-current-main-production-r1/stages/stage-0-4.json",
      "markers": [
        {
          "field": "status",
          "raw": "PASS",
          "normalized": "PASS"
        }
      ]
    },
    {
      "kind": "operation_stage",
      "reference": "runs/2026-09-08/sep7-r7-current-main-production-r1/stages/stage-0-5.json",
      "markers": [
        {
          "field": "status",
          "raw": "PASS",
          "normalized": "PASS"
        }
      ]
    },
    {
      "kind": "operation_stage",
      "reference": "runs/2026-09-08/sep7-r7-current-main-production-r1/stages/stage-0-6.json",
      "markers": [
        {
          "field": "status",
          "raw": "PASS",
          "normalized": "PASS"
        }
      ]
    },
    {
      "kind": "operation_stage",
      "reference": "runs/2026-09-08/sep7-r7-current-main-production-r1/stages/stage-0-7.json",
      "markers": [
        {
          "field": "status",
          "raw": "PASS",
          "normalized": "PASS"
        }
      ]
    },
    {
      "kind": "operation_stage",
      "reference": "runs/2026-09-08/sep7-r7-current-main-production-r1/stages/stage-a.json",
      "markers": [
        {
          "field": "status",
          "raw": "PASS",
          "normalized": "PASS"
        }
      ]
    },
    {
      "kind": "operation_stage",
      "reference": "runs/2026-09-08/sep7-r7-current-main-production-r1/stages/stage-b.json",
      "markers": [
        {
          "field": "status",
          "raw": "PASS",
          "normalized": "PASS"
        }
      ]
    },
    {
      "kind": "operation_stage",
      "reference": "runs/2026-09-08/sep7-r7-current-main-production-r1/stages/stage-c.json",
      "markers": [
        {
          "field": "status",
          "raw": "PASS",
          "normalized": "PASS"
        }
      ]
    },
    {
      "kind": "operation_stage",
      "reference": "runs/2026-09-08/sep7-r7-current-main-production-r1/stages/stage-0-4.json",
      "markers": [
        {
          "field": "status",
          "raw": "PASS",
          "normalized": "PASS"
        }
      ]
    },
    {
      "kind": "operation_stage",
      "reference": "runs/2026-09-08/sep7-r7-current-main-production-r1/stages/stage-0-5.json",
      "markers": [
        {
          "field": "status",
          "raw": "PASS",
          "normalized": "PASS"
        }
      ]
    },
    {
      "kind": "operation_stage",
      "reference": "runs/2026-09-08/sep7-r7-current-main-production-r1/stages/stage-0-6.json",
      "markers": [
        {
          "field": "status",
          "raw": "PASS",
          "normalized": "PASS"
        }
      ]
    },
    {
      "kind": "operation_stage",
      "reference": "runs/2026-09-08/sep7-r7-current-main-production-r1/stages/stage-0-7.json",
      "markers": [
        {
          "field": "status",
          "raw": "PASS",
          "normalized": "PASS"
        }
      ]
    }
  ]
}
PASS: 171 artifacts have passing status markers and explicit current-run stage/baseline bindings
{
  "status": "PASS",
  "run_path": "runs/2026-09-08/sep7-r7-current-main-production-r1/card-run.json",
  "related_add_count": 3,
  "lifecycle_contract": [
    "/related/-",
    "/related_lineage/related_ids/-",
    "/related_lineage/relation_type",
    "/related_lineage/reason",
    "/related_lineage/event_stage_relationship",
    "/related_lineage/direction"
  ],
  "unsupported_paths": [
    "/related_ids/-"
  ]
}
PASS: 3 related_add operations carry complete published and lineage patches
{
  "status": "PASS",
  "run_path": "runs/2026-09-08/sep7-r7-current-main-production-r1/card-run.json",
  "canonical_path": "data/cards.full.json",
  "related_add_count": 3,
  "checked_sides": 3
}
PASS: 3 relation sides have initialized array containers
{
  "status": "PASS",
  "run_path": "runs/2026-09-08/sep7-r7-current-main-production-r1/.audit-only-2902-1788856490021.json",
  "validated_audit_count": 1,
  "audits": [
    {
      "reference": "runs/2026-09-08/sep7-r7-current-main-production-r1/card-run-audit.json",
      "markers": [
        {
          "field": "status",
          "raw": "PASS",
          "normalized": "PASS"
        }
      ],
      "reviewed_operations_sha256": "bcf717b57b72575d9a390a1e84be266b159e8532eb3de6961637cab9f28960f6",
      "full_output_sha256": "91cdb0761c9158267030b6ee617d9238b156bc9016cbc0e18bf7bc53fbb1cd9f",
      "lean_output_sha256": "8772d8517c73fbe457182761e684107554f91df1196693e1f40920872aae4d9c"
    }
  ]
}
PASS: 1 independent run audits are bound to this run and submitted outputs
runs/2026-09-08/sep7-r7-current-main-production-r1/stage-0-8.json{
  "status": "PASS",
  "stage": "0.8",
  "item_count": 21,
  "missing_count": 0,
  "findings": []
}
PASS: card-run-2026-09-08-sep7-r7-current-main-production-r1 verified — github_merge_ready=true
PASS: public 1599장 ≡ canonical full 정확 사영 (KEEP 16)
test_final_qc_preserves_integrated_selection_and_lineage_semantics (_sbtl_workflow_test_0_test_final_qc_v3_package_contract.FinalQcSelectionPackageContractTest.test_final_qc_preserves_integrated_selection_and_lineage_semantics) ... ok
test_merge_prep_requires_formal_final_and_completeness_authorization (_sbtl_workflow_test_0_test_final_qc_v3_package_contract.FinalQcSelectionPackageContractTest.test_merge_prep_requires_formal_final_and_completeness_authorization) ... ok
test_generation_normalizes_semantically_equal_pretty_public (_sbtl_workflow_test_1_test_lean_cards_exporter.LeanCardsExporterTest.test_generation_normalizes_semantically_equal_pretty_public) ... ok
test_generation_repairs_malformed_public_without_mutating_full (_sbtl_workflow_test_1_test_lean_cards_exporter.LeanCardsExporterTest.test_generation_repairs_malformed_public_without_mutating_full) ... ok
test_hard_linked_full_and_public_paths_are_rejected_without_writing (_sbtl_workflow_test_1_test_lean_cards_exporter.LeanCardsExporterTest.test_hard_linked_full_and_public_paths_are_rejected_without_writing) ... ok
test_same_full_and_public_path_is_rejected_without_writing (_sbtl_workflow_test_1_test_lean_cards_exporter.LeanCardsExporterTest.test_same_full_and_public_path_is_rejected_without_writing) ... ok
test_nested_mutable_globals_are_isolated_and_visible_to_cloned_functions (_sbtl_workflow_test_2_test_module_seam.ModuleSeamTests.test_nested_mutable_globals_are_isolated_and_visible_to_cloned_functions) ... ok
test_role_policy_mutation_does_not_reach_canonical_core (_sbtl_workflow_test_2_test_module_seam.ModuleSeamTests.test_role_policy_mutation_does_not_reach_canonical_core) ... ok
test_selected_inherited_functions_rebind_to_cloned_namespace (_sbtl_workflow_test_2_test_module_seam.ModuleSeamTests.test_selected_inherited_functions_rebind_to_cloned_namespace) ... ok
test_generic_forecast_and_sentiment_descriptors_are_not_lineage_subjects (_sbtl_workflow_test_3_test_pr233_latest_review_contracts.TestPR233LatestReviewContracts.test_generic_forecast_and_sentiment_descriptors_are_not_lineage_subjects) ... ok
test_numbered_entity_classes_are_exact_targets (_sbtl_workflow_test_3_test_pr233_latest_review_contracts.TestPR233LatestReviewContracts.test_numbered_entity_classes_are_exact_targets) ... ok
test_once_and_whenever_suffixes_do_not_supply_effect (_sbtl_workflow_test_3_test_pr233_latest_review_contracts.TestPR233LatestReviewContracts.test_once_and_whenever_suffixes_do_not_supply_effect) ... ok
test_temporal_noun_modifiers_preserve_main_effect (_sbtl_workflow_test_3_test_pr233_latest_review_contracts.TestPR233LatestReviewContracts.test_temporal_noun_modifiers_preserve_main_effect) ... ok
test_prompt_gate_produces_json_scope_all_three_python_consumers_parse (_sbtl_workflow_test_4_test_prompt_0_8_runtime_gate.Prompt08RuntimeGateTest.test_prompt_gate_produces_json_scope_all_three_python_consumers_parse) ... ok
test_reciprocal_patch_only_endpoint_is_not_strict_current_run_scope (_sbtl_workflow_test_4_test_prompt_0_8_runtime_gate.Prompt08RuntimeGateTest.test_reciprocal_patch_only_endpoint_is_not_strict_current_run_scope) ... ok
test_runtime_helpers_self_test (_sbtl_workflow_test_4_test_prompt_0_8_runtime_gate.Prompt08RuntimeGateTest.test_runtime_helpers_self_test) ... ok
test_overlay_application_is_retired (_sbtl_workflow_test_5_test_prompt_overlay.PromptOverlayRetirementTest.test_overlay_application_is_retired) ... ok
test_overlay_guard_passes_for_clean_v4_prompts (_sbtl_workflow_test_5_test_prompt_overlay.PromptOverlayRetirementTest.test_overlay_guard_passes_for_clean_v4_prompts) ... ok
test_stage_a_has_no_retired_runtime_dependency (_sbtl_workflow_test_5_test_prompt_overlay.PromptOverlayRetirementTest.test_stage_a_has_no_retired_runtime_dependency) ... ok
test_core_is_first_import_in_fresh_process (_sbtl_workflow_test_6_test_related_core_import.RelatedCoreImportTests.test_core_is_first_import_in_fresh_process) ... ok
test_metric_layer_imports_and_clones_stable_role_dependency (_sbtl_workflow_test_7_test_related_metric_import.RelatedMetricImportTests.test_metric_layer_imports_and_clones_stable_role_dependency) ... ok
test_metric_policy_terms_do_not_leak_into_canonical_role (_sbtl_workflow_test_7_test_related_metric_import.RelatedMetricImportTests.test_metric_policy_terms_do_not_leak_into_canonical_role) ... ok
test_metric_role_and_nested_base_are_isolated (_sbtl_workflow_test_7_test_related_metric_import.RelatedMetricImportTests.test_metric_role_and_nested_base_are_isolated) ... ok
test_metric_script_is_directly_executable_from_external_cwd (_sbtl_workflow_test_7_test_related_metric_import.RelatedMetricImportTests.test_metric_script_is_directly_executable_from_external_cwd) ... ok
test_nested_dependency_clone_rewires_aliases_and_mutable_state (_sbtl_workflow_test_7_test_related_metric_import.RelatedMetricImportTests.test_nested_dependency_clone_rewires_aliases_and_mutable_state) ... ok
test_lower_metric_layer_cannot_rebind_stable_or_public_policy (_sbtl_workflow_test_8_test_related_policy_entrypoint.RelatedPolicyEntrypointTests.test_lower_metric_layer_cannot_rebind_stable_or_public_policy) ... ok
test_public_entrypoint_imports_and_clones_stable_dependency (_sbtl_workflow_test_8_test_related_policy_entrypoint.RelatedPolicyEntrypointTests.test_public_entrypoint_imports_and_clones_stable_dependency) ... ok
test_public_entrypoint_owns_isolated_final_callable_graph (_sbtl_workflow_test_8_test_related_policy_entrypoint.RelatedPolicyEntrypointTests.test_public_entrypoint_owns_isolated_final_callable_graph) ... ok
test_public_entrypoint_owns_isolated_stable_namespace (_sbtl_workflow_test_8_test_related_policy_entrypoint.RelatedPolicyEntrypointTests.test_public_entrypoint_owns_isolated_stable_namespace) ... ok
test_public_mutable_policy_state_is_isolated_from_stable_layer (_sbtl_workflow_test_8_test_related_policy_entrypoint.RelatedPolicyEntrypointTests.test_public_mutable_policy_state_is_isolated_from_stable_layer) ... ok
test_public_policy_keeps_latest_single_identifier_guard (_sbtl_workflow_test_8_test_related_policy_entrypoint.RelatedPolicyEntrypointTests.test_public_policy_keeps_latest_single_identifier_guard) ... ok
test_public_policy_script_is_directly_executable (_sbtl_workflow_test_8_test_related_policy_entrypoint.RelatedPolicyEntrypointTests.test_public_policy_script_is_directly_executable) ... ok
test_stable_and_public_decisions_match_locked_policy_cases (_sbtl_workflow_test_8_test_related_policy_entrypoint.RelatedPolicyEntrypointTests.test_stable_and_public_decisions_match_locked_policy_cases) ... ok
test_stable_core_has_no_review_id_dependency (_sbtl_workflow_test_8_test_related_policy_entrypoint.RelatedPolicyEntrypointTests.test_stable_core_has_no_review_id_dependency) ... ok
test_stable_core_script_is_directly_executable (_sbtl_workflow_test_8_test_related_policy_entrypoint.RelatedPolicyEntrypointTests.test_stable_core_script_is_directly_executable) ... ok
test_stable_metric_layer_imports_and_clones_stable_role_dependency (_sbtl_workflow_test_8_test_related_policy_entrypoint.RelatedPolicyEntrypointTests.test_stable_metric_layer_imports_and_clones_stable_role_dependency) ... ok
test_stable_policy_owns_isolated_callable_graph (_sbtl_workflow_test_8_test_related_policy_entrypoint.RelatedPolicyEntrypointTests.test_stable_policy_owns_isolated_callable_graph) ... ok
test_stable_policy_owns_latest_layer_directly (_sbtl_workflow_test_8_test_related_policy_entrypoint.RelatedPolicyEntrypointTests.test_stable_policy_owns_latest_layer_directly) ... ok
test_stable_policy_script_is_directly_executable (_sbtl_workflow_test_8_test_related_policy_entrypoint.RelatedPolicyEntrypointTests.test_stable_policy_script_is_directly_executable) ... ok
test_stable_role_core_clone_owns_shared_isolated_globals (_sbtl_workflow_test_8_test_related_policy_entrypoint.RelatedPolicyEntrypointTests.test_stable_role_core_clone_owns_shared_isolated_globals) ... ok
test_stable_role_layer_imports_and_clones_stable_core (_sbtl_workflow_test_8_test_related_policy_entrypoint.RelatedPolicyEntrypointTests.test_stable_role_layer_imports_and_clones_stable_core) ... ok
test_stable_role_script_is_directly_executable (_sbtl_workflow_test_8_test_related_policy_entrypoint.RelatedPolicyEntrypointTests.test_stable_role_script_is_directly_executable) ... ok
test_nested_metric_mutations_do_not_cross_public_stable_boundary (_sbtl_workflow_test_9_test_related_public_nested_isolation.RelatedPublicNestedIsolationTests.test_nested_metric_mutations_do_not_cross_public_stable_boundary) ... ok
test_public_metric_alias_points_to_public_nested_metric_state (_sbtl_workflow_test_9_test_related_public_nested_isolation.RelatedPublicNestedIsolationTests.test_public_metric_alias_points_to_public_nested_metric_state) ... ok
test_public_owns_nested_stable_metric_role_core_graph (_sbtl_workflow_test_9_test_related_public_nested_isolation.RelatedPublicNestedIsolationTests.test_public_owns_nested_stable_metric_role_core_graph) ... ok
test_stable_layer_owns_isolated_metric_namespace (_sbtl_workflow_test_10_test_related_stable_import.RelatedStableImportTests.test_stable_layer_owns_isolated_metric_namespace) ... ok
test_stable_layer_uses_module_clone_not_callable_seam (_sbtl_workflow_test_10_test_related_stable_import.RelatedStableImportTests.test_stable_layer_uses_module_clone_not_callable_seam) ... ok
test_stable_mutable_policy_state_is_isolated_from_metric_layer (_sbtl_workflow_test_10_test_related_stable_import.RelatedStableImportTests.test_stable_mutable_policy_state_is_isolated_from_metric_layer) ... ok
test_gitignore_blocks_python_bytecode (_sbtl_workflow_test_11_test_repository_hygiene.RepositoryHygieneTests.test_gitignore_blocks_python_bytecode) ... ok
test_no_python_bytecode_is_tracked (_sbtl_workflow_test_11_test_repository_hygiene.RepositoryHygieneTests.test_no_python_bytecode_is_tracked) ... ok
test_conflicting_lineage_and_root_provisional_edges_fail (_sbtl_workflow_test_12_test_review_20260803_run4.ProvisionalContainerConsistencyTest.test_conflicting_lineage_and_root_provisional_edges_fail) ... ok
test_matching_duplicate_representations_are_allowed (_sbtl_workflow_test_12_test_review_20260803_run4.ProvisionalContainerConsistencyTest.test_matching_duplicate_representations_are_allowed) ... ok
test_non_array_format_risk_tags_fail_closed (_sbtl_workflow_test_12_test_review_20260803_run4.StageAFormatRiskTypeTest.test_non_array_format_risk_tags_fail_closed) ... ok
test_canonical_provisional_cross_row_collision_fails_scope_as_ambiguous (_sbtl_workflow_test_16_test_review_4840276596_contracts.TestReview4840276596Contracts.test_canonical_provisional_cross_row_collision_fails_scope_as_ambiguous) ... ok
test_draft_alias_collision_does_not_pollute_related_target_map (_sbtl_workflow_test_16_test_review_4840276596_contracts.TestReview4840276596Contracts.test_draft_alias_collision_does_not_pollute_related_target_map) ... ok
test_draft_alias_is_not_accepted_as_related_target (_sbtl_workflow_test_16_test_review_4840276596_contracts.TestReview4840276596Contracts.test_draft_alias_is_not_accepted_as_related_target) ... ok
test_self_reference_via_card_id_alias_is_rejected (_sbtl_workflow_test_16_test_review_4840276596_contracts.TestReview4840276596Contracts.test_self_reference_via_card_id_alias_is_rejected) ... ok
test_shared_provisional_alias_fails_scope_as_ambiguous (_sbtl_workflow_test_16_test_review_4840276596_contracts.TestReview4840276596Contracts.test_shared_provisional_alias_fails_scope_as_ambiguous) ... ok
test_final_id_gate_still_rejects_unresolved_provisional_only_edge (_sbtl_workflow_test_17_test_review_4840431415_contracts.TestReview4840431415Contracts.test_final_id_gate_still_rejects_unresolved_provisional_only_edge) ... ok
test_final_qc_allows_uniquely_resolved_current_run_provisional_edge (_sbtl_workflow_test_17_test_review_4840431415_contracts.TestReview4840431415Contracts.test_final_qc_allows_uniquely_resolved_current_run_provisional_edge) ... ok
test_provisional_follow_up_before_predecessor_is_rejected (_sbtl_workflow_test_18_test_review_4840598467_contracts.TestReview4840598467Contracts.test_provisional_follow_up_before_predecessor_is_rejected) ... ok
test_provisional_follow_up_on_or_after_predecessor_passes (_sbtl_workflow_test_18_test_review_4840598467_contracts.TestReview4840598467Contracts.test_provisional_follow_up_on_or_after_predecessor_passes) ... ok
test_validator_keeps_resolved_provisional_chronology_guard (_sbtl_workflow_test_18_test_review_4840598467_contracts.TestReview4840598467Contracts.test_validator_keeps_resolved_provisional_chronology_guard) ... ok
test_cross_row_canonical_provisional_collision_is_ambiguous (_sbtl_workflow_test_20_test_review_4840649968_contracts.TestReview4840649968Contracts.test_cross_row_canonical_provisional_collision_is_ambiguous) ... ok
test_same_row_canonical_and_provisional_identifier_remains_valid (_sbtl_workflow_test_20_test_review_4840649968_contracts.TestReview4840649968Contracts.test_same_row_canonical_and_provisional_identifier_remains_valid) ... ok
test_stage_a_validator_accepts_complete_non_execution_route (_sbtl_workflow_test_22_test_review_4840783305_contracts.TestReview4840783305Contracts.test_stage_a_validator_accepts_complete_non_execution_route) ... ok
test_stage_a_validator_rejects_incomplete_or_dual_route (_sbtl_workflow_test_22_test_review_4840783305_contracts.TestReview4840783305Contracts.test_stage_a_validator_rejects_incomplete_or_dual_route) ... ok
test_complete_structured_v3_route_passes (_sbtl_workflow_test_23_test_review_4840844831_contracts.TestReview4840844831Contracts.test_complete_structured_v3_route_passes) ... ok
test_generic_evidence_variants_are_rejected (_sbtl_workflow_test_23_test_review_4840844831_contracts.TestReview4840844831Contracts.test_generic_evidence_variants_are_rejected) ... ok
test_missing_uncertainty_chain_is_rejected (_sbtl_workflow_test_23_test_review_4840844831_contracts.TestReview4840844831Contracts.test_missing_uncertainty_chain_is_rejected) ... ok
test_non_measurable_confirmation_variants_are_rejected (_sbtl_workflow_test_23_test_review_4840844831_contracts.TestReview4840844831Contracts.test_non_measurable_confirmation_variants_are_rejected) ... ok
test_baseline_expectation_changed_requires_item_specific_narrative (_sbtl_workflow_test_24_test_review_4841064772_contracts.TestReview4841064772Contracts.test_baseline_expectation_changed_requires_item_specific_narrative) ... ok
test_concise_structured_confirmation_point_passes (_sbtl_workflow_test_24_test_review_4841064772_contracts.TestReview4841064772Contracts.test_concise_structured_confirmation_point_passes) ... ok
test_concise_structured_evidence_targets_pass (_sbtl_workflow_test_24_test_review_4841064772_contracts.TestReview4841064772Contracts.test_concise_structured_evidence_targets_pass) ... ok
test_every_narrative_field_requires_item_specific_string (_sbtl_workflow_test_24_test_review_4841064772_contracts.TestReview4841064772Contracts.test_every_narrative_field_requires_item_specific_string) ... ok
test_generic_structured_target_still_fails (_sbtl_workflow_test_24_test_review_4841064772_contracts.TestReview4841064772Contracts.test_generic_structured_target_still_fails) ... ok
test_unrelated_container_is_not_narrative_content (_sbtl_workflow_test_24_test_review_4841064772_contracts.TestReview4841064772Contracts.test_unrelated_container_is_not_narrative_content) ... ok
test_concise_role_valid_structured_values_still_pass (_sbtl_workflow_test_25_test_review_4841207046_contracts.TestReview4841207046Contracts.test_concise_role_valid_structured_values_still_pass) ... ok
test_meaningless_structured_confirmation_fails (_sbtl_workflow_test_25_test_review_4841207046_contracts.TestReview4841207046Contracts.test_meaningless_structured_confirmation_fails) ... ok
test_meaningless_structured_evidence_target_fails (_sbtl_workflow_test_25_test_review_4841207046_contracts.TestReview4841207046Contracts.test_meaningless_structured_evidence_target_fails) ... ok
test_merge_prep_rejects_provisional_edges_regardless_of_state (_sbtl_workflow_test_25_test_review_4841207046_contracts.TestReview4841207046Contracts.test_merge_prep_rejects_provisional_edges_regardless_of_state) ... ok
test_placeholder_narratives_fail_closed (_sbtl_workflow_test_25_test_review_4841207046_contracts.TestReview4841207046Contracts.test_placeholder_narratives_fail_closed) ... ok
test_bare_number_is_not_exact_or_measurable_target (_sbtl_workflow_test_26_test_review_4841207046_followup_contracts.TestReview4841207046FollowupContracts.test_bare_number_is_not_exact_or_measurable_target) ... ok
test_explicit_year_and_qualified_metric_still_pass (_sbtl_workflow_test_26_test_review_4841207046_followup_contracts.TestReview4841207046FollowupContracts.test_explicit_year_and_qualified_metric_still_pass) ... ok
test_placeholder_semantic_variants_fail (_sbtl_workflow_test_26_test_review_4841207046_followup_contracts.TestReview4841207046FollowupContracts.test_placeholder_semantic_variants_fail) ... ok
test_source_and_effect_terms_require_complete_word_matches (_sbtl_workflow_test_26_test_review_4841207046_followup_contracts.TestReview4841207046FollowupContracts.test_source_and_effect_terms_require_complete_word_matches) ... ok
test_contextual_unknown_in_uncertainty_narrative_passes (_sbtl_workflow_test_27_test_review_4841890896_contracts.TestReview4841890896Contracts.test_contextual_unknown_in_uncertainty_narrative_passes) ... ok
test_evidence_backed_provisional_chronology_exception_passes (_sbtl_workflow_test_27_test_review_4841890896_contracts.TestReview4841890896Contracts.test_evidence_backed_provisional_chronology_exception_passes) ... ok
test_malformed_chronology_exception_does_not_waive_invariant (_sbtl_workflow_test_27_test_review_4841890896_contracts.TestReview4841890896Contracts.test_malformed_chronology_exception_does_not_waive_invariant) ... ok
test_placeholder_only_unknown_still_fails (_sbtl_workflow_test_27_test_review_4841890896_contracts.TestReview4841890896Contracts.test_placeholder_only_unknown_still_fails) ... ok
test_provisional_date_inversion_without_justification_fails (_sbtl_workflow_test_27_test_review_4841890896_contracts.TestReview4841890896Contracts.test_provisional_date_inversion_without_justification_fails) ... ok
test_contextual_unknown_remains_valid (_sbtl_workflow_test_28_test_review_4842006582_contracts.TestReview4842006582Contracts.test_contextual_unknown_remains_valid) ... ok
test_generic_chronology_template_does_not_waive_inversion (_sbtl_workflow_test_28_test_review_4842006582_contracts.TestReview4842006582Contracts.test_generic_chronology_template_does_not_waive_inversion) ... ok
test_modified_unknown_placeholders_fail_closed (_sbtl_workflow_test_28_test_review_4842006582_contracts.TestReview4842006582Contracts.test_modified_unknown_placeholders_fail_closed) ... ok
test_specific_chronology_exception_still_passes (_sbtl_workflow_test_28_test_review_4842006582_contracts.TestReview4842006582Contracts.test_specific_chronology_exception_still_passes) ... ok
test_chronology_exception_for_covered_inversion_still_passes (_sbtl_workflow_test_29_test_review_4842187150_contracts.TestReview4842187150Contracts.test_chronology_exception_for_covered_inversion_still_passes) ... ok
test_chronology_exception_rejected_for_program_lineage (_sbtl_workflow_test_29_test_review_4842187150_contracts.TestReview4842187150Contracts.test_chronology_exception_rejected_for_program_lineage) ... ok
test_chronology_exception_rejected_without_inversion (_sbtl_workflow_test_29_test_review_4842187150_contracts.TestReview4842187150Contracts.test_chronology_exception_rejected_without_inversion) ... ok
test_free_text_contextual_unknown_evidence_target_passes (_sbtl_workflow_test_29_test_review_4842187150_contracts.TestReview4842187150Contracts.test_free_text_contextual_unknown_evidence_target_passes) ... ok
test_generic_evidence_scaffolding_still_fails (_sbtl_workflow_test_29_test_review_4842187150_contracts.TestReview4842187150Contracts.test_generic_evidence_scaffolding_still_fails) ... ok
test_structured_contextual_unknown_evidence_target_passes (_sbtl_workflow_test_29_test_review_4842187150_contracts.TestReview4842187150Contracts.test_structured_contextual_unknown_evidence_target_passes) ... ok
test_aliases_resolving_to_same_related_card_are_rejected (_sbtl_workflow_test_30_test_review_4842310205_contracts.TestReview4842310205Contracts.test_aliases_resolving_to_same_related_card_are_rejected) ... ok
test_concrete_additional_data_center_target_passes (_sbtl_workflow_test_30_test_review_4842310205_contracts.TestReview4842310205Contracts.test_concrete_additional_data_center_target_passes) ... ok
test_generic_additional_data_placeholder_still_fails (_sbtl_workflow_test_30_test_review_4842310205_contracts.TestReview4842310205Contracts.test_generic_additional_data_placeholder_still_fails) ... ok
test_http_scheme_without_host_is_rejected (_sbtl_workflow_test_30_test_review_4842310205_contracts.TestReview4842310205Contracts.test_http_scheme_without_host_is_rejected) ... ok
test_placeholder_chronology_url_does_not_waive_inversion (_sbtl_workflow_test_30_test_review_4842310205_contracts.TestReview4842310205Contracts.test_placeholder_chronology_url_does_not_waive_inversion) ... ok
test_concrete_target_with_terminal_punctuation_passes (_sbtl_workflow_test_31_test_review_4842556549_contracts.TestReview4842556549Contracts.test_concrete_target_with_terminal_punctuation_passes) ... ok
test_generic_targets_with_terminal_punctuation_fail (_sbtl_workflow_test_31_test_review_4842556549_contracts.TestReview4842556549Contracts.test_generic_targets_with_terminal_punctuation_fail) ... ok
test_invalid_or_out_of_range_ports_are_rejected (_sbtl_workflow_test_31_test_review_4842556549_contracts.TestReview4842556549Contracts.test_invalid_or_out_of_range_ports_are_rejected) ... ok
test_invalid_port_does_not_waive_chronology_inversion (_sbtl_workflow_test_31_test_review_4842556549_contracts.TestReview4842556549Contracts.test_invalid_port_does_not_waive_chronology_inversion) ... ok
test_provisional_aliases_resolving_to_same_target_are_rejected (_sbtl_workflow_test_31_test_review_4842556549_contracts.TestReview4842556549Contracts.test_provisional_aliases_resolving_to_same_target_are_rejected) ... ok
test_final_and_provisional_aliases_for_same_target_fail (_sbtl_workflow_test_32_test_review_4842822807.RelatedCrossNamespaceDedupTest.test_final_and_provisional_aliases_for_same_target_fail) ... ok
test_specific_target_with_unicode_terminal_punctuation_still_passes (_sbtl_workflow_test_32_test_review_4842822807.UnicodeGenericTargetNormalizationTest.test_specific_target_with_unicode_terminal_punctuation_still_passes) ... ok
test_unicode_punctuation_and_wrappers_do_not_bypass_generic_check (_sbtl_workflow_test_32_test_review_4842822807.UnicodeGenericTargetNormalizationTest.test_unicode_punctuation_and_wrappers_do_not_bypass_generic_check) ... ok
test_non_string_anchor_classes_fail_without_type_error (_sbtl_workflow_test_33_test_review_4844677489_contracts.TestReview4844677489Contracts.test_non_string_anchor_classes_fail_without_type_error) ... ok
test_punctuated_placeholder_narratives_fail_closed (_sbtl_workflow_test_33_test_review_4844677489_contracts.TestReview4844677489Contracts.test_punctuated_placeholder_narratives_fail_closed) ... ok
test_conflicting_malformed_provisional_arrays_fail_without_type_error (_sbtl_workflow_test_34_test_review_4845534152_contracts.TestReview4845534152Contracts.test_conflicting_malformed_provisional_arrays_fail_without_type_error) ... ok
test_none_format_risk_sentinel_is_treated_as_empty (_sbtl_workflow_test_34_test_review_4845534152_contracts.TestReview4845534152Contracts.test_none_format_risk_sentinel_is_treated_as_empty) ... ok
test_source_class_compounds_and_inflections_are_accepted (_sbtl_workflow_test_34_test_review_4845534152_contracts.TestReview4845534152Contracts.test_source_class_compounds_and_inflections_are_accepted) ... ok
test_unofficial_does_not_match_official (_sbtl_workflow_test_34_test_review_4845534152_contracts.TestReview4845534152Contracts.test_unofficial_does_not_match_official) ... ok
test_complete_v3_spec_accepts_specific_confirmation_text (_sbtl_workflow_test_35_test_review_4848883611_contracts.TestReview4848883611Contracts.test_complete_v3_spec_accepts_specific_confirmation_text) ... ok
test_confirmation_requires_measurable_event_or_metric (_sbtl_workflow_test_35_test_review_4848883611_contracts.TestReview4848883611Contracts.test_confirmation_requires_measurable_event_or_metric) ... ok
test_existing_metric_confirmation_remains_valid (_sbtl_workflow_test_35_test_review_4848883611_contracts.TestReview4848883611Contracts.test_existing_metric_confirmation_remains_valid) ... ok
test_generic_confirmation_scaffolds_still_fail (_sbtl_workflow_test_35_test_review_4848883611_contracts.TestReview4848883611Contracts.test_generic_confirmation_scaffolds_still_fail) ... ok
test_specific_confirmation_with_additional_data_substring_passes (_sbtl_workflow_test_35_test_review_4848883611_contracts.TestReview4848883611Contracts.test_specific_confirmation_with_additional_data_substring_passes) ... ok
test_placeholder_only_confirmation_still_fails (_sbtl_workflow_test_36_test_review_4849281461_contracts.TestReview4849281461Contracts.test_placeholder_only_confirmation_still_fails) ... ok
test_specific_confirmation_with_generic_substring_passes (_sbtl_workflow_test_36_test_review_4849281461_contracts.TestReview4849281461Contracts.test_specific_confirmation_with_generic_substring_passes) ... ok
test_complete_term_collision_does_not_create_effect (_sbtl_workflow_test_37_test_review_4849359963_contracts.TestReview4849359963Contracts.test_complete_term_collision_does_not_create_effect) ... ok
test_complete_v3_spec_accepts_measurable_effect_confirmation (_sbtl_workflow_test_37_test_review_4849359963_contracts.TestReview4849359963Contracts.test_complete_v3_spec_accepts_measurable_effect_confirmation) ... ok
test_complete_v3_spec_rejects_metric_direction_only_confirmation (_sbtl_workflow_test_37_test_review_4849359963_contracts.TestReview4849359963Contracts.test_complete_v3_spec_rejects_metric_direction_only_confirmation) ... ok
test_complete_v3_spec_rejects_metric_only_confirmation (_sbtl_workflow_test_37_test_review_4849359963_contracts.TestReview4849359963Contracts.test_complete_v3_spec_rejects_metric_only_confirmation) ... ok
test_direction_bound_to_interpretation_object_passes (_sbtl_workflow_test_37_test_review_4849359963_contracts.TestReview4849359963Contracts.test_direction_bound_to_interpretation_object_passes) ... ok
test_free_text_confirmation_requires_interpretation_effect (_sbtl_workflow_test_37_test_review_4849359963_contracts.TestReview4849359963Contracts.test_free_text_confirmation_requires_interpretation_effect) ... ok
test_generic_confirmation_scaffolds_still_fail (_sbtl_workflow_test_37_test_review_4849359963_contracts.TestReview4849359963Contracts.test_generic_confirmation_scaffolds_still_fail) ... ok
test_metric_direction_does_not_count_as_interpretation_effect (_sbtl_workflow_test_37_test_review_4849359963_contracts.TestReview4849359963Contracts.test_metric_direction_does_not_count_as_interpretation_effect) ... ok
test_supported_interpretation_effect_inflections_pass (_sbtl_workflow_test_37_test_review_4849359963_contracts.TestReview4849359963Contracts.test_supported_interpretation_effect_inflections_pass) ... ok
test_ambiguous_direct_terms_require_verbal_or_object_binding (_sbtl_workflow_test_38_test_review_4849852178_contracts.TestReview4849852178Contracts.test_ambiguous_direct_terms_require_verbal_or_object_binding) ... ok
test_complete_v3_spec_rejects_structured_metric_direction_bypass (_sbtl_workflow_test_38_test_review_4849852178_contracts.TestReview4849852178Contracts.test_complete_v3_spec_rejects_structured_metric_direction_bypass) ... ok
test_modifiers_between_direction_and_outlook_are_allowed (_sbtl_workflow_test_38_test_review_4849852178_contracts.TestReview4849852178Contracts.test_modifiers_between_direction_and_outlook_are_allowed) ... ok
test_numeric_metric_bridge_does_not_bind_to_later_outlook (_sbtl_workflow_test_38_test_review_4849852178_contracts.TestReview4849852178Contracts.test_numeric_metric_bridge_does_not_bind_to_later_outlook) ... ok
test_structured_direction_bound_to_outlook_passes (_sbtl_workflow_test_38_test_review_4849852178_contracts.TestReview4849852178Contracts.test_structured_direction_bound_to_outlook_passes) ... ok
test_structured_metric_direction_only_effect_fails (_sbtl_workflow_test_38_test_review_4849852178_contracts.TestReview4849852178Contracts.test_structured_metric_direction_only_effect_fails) ... ok
test_support_metric_noun_does_not_count_as_effect (_sbtl_workflow_test_38_test_review_4849852178_contracts.TestReview4849852178Contracts.test_support_metric_noun_does_not_count_as_effect) ... ok
test_complete_v3_spec_accepts_specific_structured_effect (_sbtl_workflow_test_39_test_review_4849975002_contracts.TestReview4849975002Contracts.test_complete_v3_spec_accepts_specific_structured_effect) ... ok
test_complete_v3_spec_rejects_measurement_prose_bypass (_sbtl_workflow_test_39_test_review_4849975002_contracts.TestReview4849975002Contracts.test_complete_v3_spec_rejects_measurement_prose_bypass) ... ok
test_generic_structured_effect_placeholder_still_fails (_sbtl_workflow_test_39_test_review_4849975002_contracts.TestReview4849975002Contracts.test_generic_structured_effect_placeholder_still_fails) ... ok
test_measurement_prose_does_not_bind_outlook_to_metric_direction (_sbtl_workflow_test_39_test_review_4849975002_contracts.TestReview4849975002Contracts.test_measurement_prose_does_not_bind_outlook_to_metric_direction) ... ok
test_object_first_semantic_effect_remains_valid (_sbtl_workflow_test_39_test_review_4849975002_contracts.TestReview4849975002Contracts.test_object_first_semantic_effect_remains_valid) ... ok
test_specific_additional_data_center_capacity_effect_passes (_sbtl_workflow_test_39_test_review_4849975002_contracts.TestReview4849975002Contracts.test_specific_additional_data_center_capacity_effect_passes) ... ok
test_concrete_additional_data_target_still_passes (_sbtl_workflow_test_40_test_review_484_new_contracts.TestLatestPR233ReviewContracts.test_concrete_additional_data_target_still_passes) ... ok
test_invalid_and_out_of_range_url_ports_are_rejected (_sbtl_workflow_test_40_test_review_484_new_contracts.TestLatestPR233ReviewContracts.test_invalid_and_out_of_range_url_ports_are_rejected) ... ok
test_provisional_aliases_resolving_to_same_target_are_rejected (_sbtl_workflow_test_40_test_review_484_new_contracts.TestLatestPR233ReviewContracts.test_provisional_aliases_resolving_to_same_target_are_rejected) ... ok
test_terminal_punctuation_does_not_hide_generic_target (_sbtl_workflow_test_40_test_review_484_new_contracts.TestLatestPR233ReviewContracts.test_terminal_punctuation_does_not_hide_generic_target) ... ok
test_auxiliary_direct_effect_without_measurement_context_passes (_sbtl_workflow_test_41_test_review_4850038388_contracts.TestReview4850038388Contracts.test_auxiliary_direct_effect_without_measurement_context_passes) ... ok
test_complete_v3_spec_accepts_project_qualified_outlook (_sbtl_workflow_test_41_test_review_4850038388_contracts.TestReview4850038388Contracts.test_complete_v3_spec_accepts_project_qualified_outlook) ... ok
test_complete_v3_spec_rejects_inflected_metric_bypass (_sbtl_workflow_test_41_test_review_4850038388_contracts.TestReview4850038388Contracts.test_complete_v3_spec_rejects_inflected_metric_bypass) ... ok
test_inflected_direct_effect_bound_to_outlook_passes (_sbtl_workflow_test_41_test_review_4850038388_contracts.TestReview4850038388Contracts.test_inflected_direct_effect_bound_to_outlook_passes) ... ok
test_inflected_metric_direct_effect_is_rejected (_sbtl_workflow_test_41_test_review_4850038388_contracts.TestReview4850038388Contracts.test_inflected_metric_direct_effect_is_rejected) ... ok
test_measurement_report_bypass_remains_rejected (_sbtl_workflow_test_41_test_review_4850038388_contracts.TestReview4850038388Contracts.test_measurement_report_bypass_remains_rejected) ... ok
test_project_qualifier_inside_outlook_object_passes (_sbtl_workflow_test_41_test_review_4850038388_contracts.TestReview4850038388Contracts.test_project_qualifier_inside_outlook_object_passes) ... ok
test_adoption_interpretation_uses_remain_valid (_sbtl_workflow_test_42_test_review_4850083564_contracts.TestReview4850083564Contracts.test_adoption_interpretation_uses_remain_valid) ... ok
test_adoption_rate_direction_is_not_an_interpretation_effect (_sbtl_workflow_test_42_test_review_4850083564_contracts.TestReview4850083564Contracts.test_adoption_rate_direction_is_not_an_interpretation_effect) ... ok
test_complete_v3_spec_rejects_adoption_rate_bypass (_sbtl_workflow_test_42_test_review_4850083564_contracts.TestReview4850083564Contracts.test_complete_v3_spec_rejects_adoption_rate_bypass) ... ok
test_complete_v3_spec_rejects_entity_only_targets (_sbtl_workflow_test_42_test_review_4850083564_contracts.TestReview4850083564Contracts.test_complete_v3_spec_rejects_entity_only_targets) ... ok
test_entity_name_only_is_not_an_exact_target (_sbtl_workflow_test_42_test_review_4850083564_contracts.TestReview4850083564Contracts.test_entity_name_only_is_not_an_exact_target) ... ok
test_entity_with_substantive_metric_or_date_remains_valid (_sbtl_workflow_test_42_test_review_4850083564_contracts.TestReview4850083564Contracts.test_entity_with_substantive_metric_or_date_remains_valid) ... ok
test_free_text_evidence_rejects_entity_only_target (_sbtl_workflow_test_42_test_review_4850083564_contracts.TestReview4850083564Contracts.test_free_text_evidence_rejects_entity_only_target) ... ok
test_structured_confirmation_rejects_entity_only_measurable_target (_sbtl_workflow_test_42_test_review_4850083564_contracts.TestReview4850083564Contracts.test_structured_confirmation_rejects_entity_only_measurable_target) ... ok
test_base_and_inflected_predicates_both_remain_supported (_sbtl_workflow_test_43_test_review_4850163550_contracts.TestReview4850163550Contracts.test_base_and_inflected_predicates_both_remain_supported) ... ok
test_complete_v3_spec_rejects_percentage_adoption_bypass (_sbtl_workflow_test_43_test_review_4850163550_contracts.TestReview4850163550Contracts.test_complete_v3_spec_rejects_percentage_adoption_bypass) ... ok
test_completed_event_target_keeps_complete_v3_spec_valid (_sbtl_workflow_test_43_test_review_4850163550_contracts.TestReview4850163550Contracts.test_completed_event_target_keeps_complete_v3_spec_valid) ... ok
test_free_text_evidence_accepts_completed_event_targets (_sbtl_workflow_test_43_test_review_4850163550_contracts.TestReview4850163550Contracts.test_free_text_evidence_accepts_completed_event_targets) ... ok
test_inflected_substantive_target_predicates_are_recognized (_sbtl_workflow_test_43_test_review_4850163550_contracts.TestReview4850163550Contracts.test_inflected_substantive_target_predicates_are_recognized) ... ok
test_percentage_based_adoption_movement_is_measurement (_sbtl_workflow_test_43_test_review_4850163550_contracts.TestReview4850163550Contracts.test_percentage_based_adoption_movement_is_measurement) ... ok
test_predicate_boundaries_do_not_match_unapproved_substrings (_sbtl_workflow_test_43_test_review_4850163550_contracts.TestReview4850163550Contracts.test_predicate_boundaries_do_not_match_unapproved_substrings) ... ok
test_semantic_adoption_effects_remain_valid (_sbtl_workflow_test_43_test_review_4850163550_contracts.TestReview4850163550Contracts.test_semantic_adoption_effects_remain_valid) ... ok
test_complete_v3_spec_rejects_effect_first_adoption_bypass (_sbtl_workflow_test_44_test_review_4850226496_contracts.TestReview4850226496Contracts.test_complete_v3_spec_rejects_effect_first_adoption_bypass) ... ok
test_effect_first_percentage_adoption_movement_is_measurement (_sbtl_workflow_test_44_test_review_4850226496_contracts.TestReview4850226496Contracts.test_effect_first_percentage_adoption_movement_is_measurement) ... ok
test_forward_percentage_adoption_movement_remains_rejected (_sbtl_workflow_test_44_test_review_4850226496_contracts.TestReview4850226496Contracts.test_forward_percentage_adoption_movement_remains_rejected) ... ok
test_semantic_adoption_effects_remain_valid (_sbtl_workflow_test_44_test_review_4850226496_contracts.TestReview4850226496Contracts.test_semantic_adoption_effects_remain_valid) ... ok
test_direct_confirmation_of_adoption_remains_valid (_sbtl_workflow_test_45_test_review_4850266559_contracts.Review4850266559Contracts.test_direct_confirmation_of_adoption_remains_valid) ... ok
test_full_six_token_bridge_percentage_adoption_is_measurement (_sbtl_workflow_test_45_test_review_4850266559_contracts.Review4850266559Contracts.test_full_six_token_bridge_percentage_adoption_is_measurement) ... ok
test_full_six_token_bridge_percentage_adoption_structured_is_measurement (_sbtl_workflow_test_45_test_review_4850266559_contracts.Review4850266559Contracts.test_full_six_token_bridge_percentage_adoption_structured_is_measurement) ... ok
test_object_first_full_bridge_measurement_is_rejected (_sbtl_workflow_test_45_test_review_4850266559_contracts.Review4850266559Contracts.test_object_first_full_bridge_measurement_is_rejected) ... ok
test_semantic_adoption_effect_remains_valid (_sbtl_workflow_test_45_test_review_4850266559_contracts.Review4850266559Contracts.test_semantic_adoption_effect_remains_valid) ... ok
test_complete_v3_spec_rejects_effect_first_measurement_bypass (_sbtl_workflow_test_46_test_review_4850462736_contracts.TestReview4850462736Contracts.test_complete_v3_spec_rejects_effect_first_measurement_bypass) ... ok
test_effect_first_measurement_bridge_is_rejected (_sbtl_workflow_test_46_test_review_4850462736_contracts.TestReview4850462736Contracts.test_effect_first_measurement_bridge_is_rejected) ... ok
test_falsey_non_array_lineage_provisional_containers_fail (_sbtl_workflow_test_46_test_review_4850462736_contracts.TestReview4850462736Contracts.test_falsey_non_array_lineage_provisional_containers_fail) ... ok
test_falsey_non_array_root_provisional_containers_fail (_sbtl_workflow_test_46_test_review_4850462736_contracts.TestReview4850462736Contracts.test_falsey_non_array_root_provisional_containers_fail) ... ok
test_present_empty_provisional_arrays_remain_valid (_sbtl_workflow_test_46_test_review_4850462736_contracts.TestReview4850462736Contracts.test_present_empty_provisional_arrays_remain_valid) ... ok
test_valid_interpretation_effect_paths_remain_supported (_sbtl_workflow_test_46_test_review_4850462736_contracts.TestReview4850462736Contracts.test_valid_interpretation_effect_paths_remain_supported) ... ok
test_complete_v3_spec_rejects_direct_effect_measurement_bypass (_sbtl_workflow_test_47_test_review_4850532920_contracts.TestReview4850532920Contracts.test_complete_v3_spec_rejects_direct_effect_measurement_bypass) ... ok
test_direct_effect_measurement_attachments_are_rejected (_sbtl_workflow_test_47_test_review_4850532920_contracts.TestReview4850532920Contracts.test_direct_effect_measurement_attachments_are_rejected) ... ok
test_direct_transitive_interpretation_effects_remain_valid (_sbtl_workflow_test_47_test_review_4850532920_contracts.TestReview4850532920Contracts.test_direct_transitive_interpretation_effects_remain_valid) ... ok
test_object_first_passive_interpretation_effect_remains_valid (_sbtl_workflow_test_47_test_review_4850532920_contracts.TestReview4850532920Contracts.test_object_first_passive_interpretation_effect_remains_valid) ... ok
test_complete_v3_spec_rejects_long_subject_bypass (_sbtl_workflow_test_48_test_review_4850609050_contracts.TestReview4850609050Contracts.test_complete_v3_spec_rejects_long_subject_bypass) ... ok
test_long_direct_transitive_subject_remains_valid (_sbtl_workflow_test_48_test_review_4850609050_contracts.TestReview4850609050Contracts.test_long_direct_transitive_subject_remains_valid) ... ok
test_long_measurement_subject_attachments_are_rejected (_sbtl_workflow_test_48_test_review_4850609050_contracts.TestReview4850609050Contracts.test_long_measurement_subject_attachments_are_rejected) ... ok
test_measurement_in_separate_clause_does_not_poison_valid_effect (_sbtl_workflow_test_48_test_review_4850609050_contracts.TestReview4850609050Contracts.test_measurement_in_separate_clause_does_not_poison_valid_effect) ... ok
test_adversative_comma_clause_remains_separate (_sbtl_workflow_test_49_test_review_4850660403_contracts.TestReview4850660403Contracts.test_adversative_comma_clause_remains_separate) ... ok
test_complete_v3_spec_rejects_in_attachment_bypass (_sbtl_workflow_test_49_test_review_4850660403_contracts.TestReview4850660403Contracts.test_complete_v3_spec_rejects_in_attachment_bypass) ... ok
test_complete_v3_spec_rejects_parenthetical_subject_bypass (_sbtl_workflow_test_49_test_review_4850660403_contracts.TestReview4850660403Contracts.test_complete_v3_spec_rejects_parenthetical_subject_bypass) ... ok
test_in_measurement_attachments_are_rejected (_sbtl_workflow_test_49_test_review_4850660403_contracts.TestReview4850660403Contracts.test_in_measurement_attachments_are_rejected) ... ok
test_parenthetical_direct_transitive_effect_remains_valid (_sbtl_workflow_test_49_test_review_4850660403_contracts.TestReview4850660403Contracts.test_parenthetical_direct_transitive_effect_remains_valid) ... ok
test_parenthetical_measurement_subjects_are_rejected (_sbtl_workflow_test_49_test_review_4850660403_contracts.TestReview4850660403Contracts.test_parenthetical_measurement_subjects_are_rejected) ... ok
test_all_exact_metric_subjects_are_rejected_when_merely_attached (_sbtl_workflow_test_50_test_review_4850764924_contracts.TestReview4850764924Contracts.test_all_exact_metric_subjects_are_rejected_when_merely_attached) ... ok
test_complete_v3_spec_rejects_exact_metric_attachment_bypass (_sbtl_workflow_test_50_test_review_4850764924_contracts.TestReview4850764924Contracts.test_complete_v3_spec_rejects_exact_metric_attachment_bypass) ... ok
test_complete_v3_spec_rejects_introductory_comma_bypass (_sbtl_workflow_test_50_test_review_4850764924_contracts.TestReview4850764924Contracts.test_complete_v3_spec_rejects_introductory_comma_bypass) ... ok
test_introductory_comma_does_not_hide_parenthetical_measurement_subject (_sbtl_workflow_test_50_test_review_4850764924_contracts.TestReview4850764924Contracts.test_introductory_comma_does_not_hide_parenthetical_measurement_subject) ... ok
test_introductory_comma_with_valid_parenthetical_transitive_effect_passes (_sbtl_workflow_test_50_test_review_4850764924_contracts.TestReview4850764924Contracts.test_introductory_comma_with_valid_parenthetical_transitive_effect_passes) ... ok
test_metric_qualifiers_inside_interpretation_objects_remain_valid (_sbtl_workflow_test_50_test_review_4850764924_contracts.TestReview4850764924Contracts.test_metric_qualifiers_inside_interpretation_objects_remain_valid) ... ok
test_separate_reported_measurement_event_remains_rejected (_sbtl_workflow_test_50_test_review_4850764924_contracts.TestReview4850764924Contracts.test_separate_reported_measurement_event_remains_rejected) ... ok
test_causal_clauses_do_not_bind_metric_effects_to_later_outlook (_sbtl_workflow_test_51_test_review_4850894120_contracts.TestReview4850894120Contracts.test_causal_clauses_do_not_bind_metric_effects_to_later_outlook) ... ok
test_complete_v3_spec_rejects_causal_clause_bypass (_sbtl_workflow_test_51_test_review_4850894120_contracts.TestReview4850894120Contracts.test_complete_v3_spec_rejects_causal_clause_bypass) ... ok
test_complete_v3_spec_rejects_consecutive_parenthetical_bypass (_sbtl_workflow_test_51_test_review_4850894120_contracts.TestReview4850894120Contracts.test_complete_v3_spec_rejects_consecutive_parenthetical_bypass) ... ok
test_complete_v3_spec_rejects_outlook_parenthetical_bypass (_sbtl_workflow_test_51_test_review_4850894120_contracts.TestReview4850894120Contracts.test_complete_v3_spec_rejects_outlook_parenthetical_bypass) ... ok
test_conjunctions_inside_qualified_interpretation_objects_pass (_sbtl_workflow_test_51_test_review_4850894120_contracts.TestReview4850894120Contracts.test_conjunctions_inside_qualified_interpretation_objects_pass) ... ok
test_consecutive_parentheticals_do_not_hide_measurement_subject (_sbtl_workflow_test_51_test_review_4850894120_contracts.TestReview4850894120Contracts.test_consecutive_parentheticals_do_not_hide_measurement_subject) ... ok
test_consecutive_parentheticals_preserve_valid_transitive_effect (_sbtl_workflow_test_51_test_review_4850894120_contracts.TestReview4850894120Contracts.test_consecutive_parentheticals_preserve_valid_transitive_effect) ... ok
test_outlook_parenthetical_does_not_hide_measurement_subject (_sbtl_workflow_test_51_test_review_4850894120_contracts.TestReview4850894120Contracts.test_outlook_parenthetical_does_not_hide_measurement_subject) ... ok
test_outlook_parenthetical_preserves_valid_transitive_effect (_sbtl_workflow_test_51_test_review_4850894120_contracts.TestReview4850894120Contracts.test_outlook_parenthetical_preserves_valid_transitive_effect) ... ok
test_parenthetical_with_own_effect_remains_a_clause_boundary (_sbtl_workflow_test_51_test_review_4850894120_contracts.TestReview4850894120Contracts.test_parenthetical_with_own_effect_remains_a_clause_boundary) ... ok
test_unqualified_or_reported_conjunction_bridges_remain_rejected (_sbtl_workflow_test_51_test_review_4850894120_contracts.TestReview4850894120Contracts.test_unqualified_or_reported_conjunction_bridges_remain_rejected) ... ok
test_valid_effect_before_causal_detail_remains_valid (_sbtl_workflow_test_51_test_review_4850894120_contracts.TestReview4850894120Contracts.test_valid_effect_before_causal_detail_remains_valid) ... ok
test_bare_target_vocabulary_is_not_item_specific (_sbtl_workflow_test_52_test_review_4851050000_contracts.TestReview4851050000Contracts.test_bare_target_vocabulary_is_not_item_specific) ... ok
test_complete_v3_rejects_bare_structured_evidence_and_confirmation (_sbtl_workflow_test_52_test_review_4851050000_contracts.TestReview4851050000Contracts.test_complete_v3_rejects_bare_structured_evidence_and_confirmation) ... ok
test_generic_follow_up_assertions_fail (_sbtl_workflow_test_52_test_review_4851050000_contracts.TestReview4851050000Contracts.test_generic_follow_up_assertions_fail) ... ok
test_item_specific_follow_up_assertions_pass (_sbtl_workflow_test_52_test_review_4851050000_contracts.TestReview4851050000Contracts.test_item_specific_follow_up_assertions_pass) ... ok
test_item_specific_or_qualified_targets_remain_valid (_sbtl_workflow_test_52_test_review_4851050000_contracts.TestReview4851050000Contracts.test_item_specific_or_qualified_targets_remain_valid) ... ok
test_complete_v3_rejects_generic_modifier_targets (_sbtl_workflow_test_53_test_review_4860866998_contracts.TestReview4860866998Contracts.test_complete_v3_rejects_generic_modifier_targets) ... ok
test_entity_only_follow_up_assertions_fail (_sbtl_workflow_test_53_test_review_4860866998_contracts.TestReview4860866998Contracts.test_entity_only_follow_up_assertions_fail) ... ok
test_generic_modifiers_do_not_make_exact_targets_item_specific (_sbtl_workflow_test_53_test_review_4860866998_contracts.TestReview4860866998Contracts.test_generic_modifiers_do_not_make_exact_targets_item_specific) ... ok
test_named_numeric_and_predicate_targets_remain_valid (_sbtl_workflow_test_53_test_review_4860866998_contracts.TestReview4860866998Contracts.test_named_numeric_and_predicate_targets_remain_valid) ... ok
test_substantive_follow_up_assertions_pass (_sbtl_workflow_test_53_test_review_4860866998_contracts.TestReview4860866998Contracts.test_substantive_follow_up_assertions_pass) ... ok
test_complete_v3_rejects_generic_inflected_predicate_targets (_sbtl_workflow_test_54_test_review_4861045407_contracts.TestReview4861045407Contracts.test_complete_v3_rejects_generic_inflected_predicate_targets) ... ok
test_complete_v3_rejects_numeric_parenthetical_bypass (_sbtl_workflow_test_54_test_review_4861045407_contracts.TestReview4861045407Contracts.test_complete_v3_rejects_numeric_parenthetical_bypass) ... ok
test_inflected_predicates_are_not_item_specific_subjects (_sbtl_workflow_test_54_test_review_4861045407_contracts.TestReview4861045407Contracts.test_inflected_predicates_are_not_item_specific_subjects) ... ok
test_named_inflected_predicate_targets_remain_valid (_sbtl_workflow_test_54_test_review_4861045407_contracts.TestReview4861045407Contracts.test_named_inflected_predicate_targets_remain_valid) ... ok
test_numeric_parenthetical_with_own_outlook_is_not_folded (_sbtl_workflow_test_54_test_review_4861045407_contracts.TestReview4861045407Contracts.test_numeric_parenthetical_with_own_outlook_is_not_folded) ... ok
test_numeric_parentheticals_do_not_hide_measurement_subject (_sbtl_workflow_test_54_test_review_4861045407_contracts.TestReview4861045407Contracts.test_numeric_parentheticals_do_not_hide_measurement_subject) ... ok
test_substantive_concise_assertions_remain_valid (_sbtl_workflow_test_54_test_review_4861045407_contracts.TestReview4861045407Contracts.test_substantive_concise_assertions_remain_valid) ... ok
test_three_token_entity_only_assertions_fail (_sbtl_workflow_test_54_test_review_4861045407_contracts.TestReview4861045407Contracts.test_three_token_entity_only_assertions_fail) ... ok
test_ambiguous_role_entity_labels_fail_before_role_shortcut (_sbtl_workflow_test_55_test_review_4861267953_contracts.TestReview4861267953Contracts.test_ambiguous_role_entity_labels_fail_before_role_shortcut) ... ok
test_complete_v3_rejects_source_class_only_targets (_sbtl_workflow_test_55_test_review_4861267953_contracts.TestReview4861267953Contracts.test_complete_v3_rejects_source_class_only_targets) ... ok
test_complete_v3_rejects_temporal_clause_bypass (_sbtl_workflow_test_55_test_review_4861267953_contracts.TestReview4861267953Contracts.test_complete_v3_rejects_temporal_clause_bypass) ... ok
test_completed_interpretation_effect_before_temporal_detail_remains_valid (_sbtl_workflow_test_55_test_review_4861267953_contracts.TestReview4861267953Contracts.test_completed_interpretation_effect_before_temporal_detail_remains_valid) ... ok
test_entity_lead_with_substantive_event_remains_valid (_sbtl_workflow_test_55_test_review_4861267953_contracts.TestReview4861267953Contracts.test_entity_lead_with_substantive_event_remains_valid) ... ok
test_source_class_nouns_are_neutral_target_modifiers (_sbtl_workflow_test_55_test_review_4861267953_contracts.TestReview4861267953Contracts.test_source_class_nouns_are_neutral_target_modifiers) ... ok
test_source_class_with_real_subject_or_date_remains_valid (_sbtl_workflow_test_55_test_review_4861267953_contracts.TestReview4861267953Contracts.test_source_class_with_real_subject_or_date_remains_valid) ... ok
test_strict_follow_up_rejects_fund_entity_label_in_all_assertions (_sbtl_workflow_test_55_test_review_4861267953_contracts.TestReview4861267953Contracts.test_strict_follow_up_rejects_fund_entity_label_in_all_assertions) ... ok
test_temporal_clauses_do_not_bind_metric_effects_to_later_outlook (_sbtl_workflow_test_55_test_review_4861267953_contracts.TestReview4861267953Contracts.test_temporal_clauses_do_not_bind_metric_effects_to_later_outlook) ... ok
test_complete_v3_rejects_plural_source_class_only_targets (_sbtl_workflow_test_56_test_review_4861381740_contracts.TestReview4861381740Contracts.test_complete_v3_rejects_plural_source_class_only_targets) ... ok
test_complete_v3_rejects_temporal_parenthetical_bypass (_sbtl_workflow_test_56_test_review_4861381740_contracts.TestReview4861381740Contracts.test_complete_v3_rejects_temporal_parenthetical_bypass) ... ok
test_plural_source_class_nouns_are_neutral_target_modifiers (_sbtl_workflow_test_56_test_review_4861381740_contracts.TestReview4861381740Contracts.test_plural_source_class_nouns_are_neutral_target_modifiers) ... ok
test_plural_source_class_with_real_subject_or_date_remains_valid (_sbtl_workflow_test_56_test_review_4861381740_contracts.TestReview4861381740Contracts.test_plural_source_class_with_real_subject_or_date_remains_valid) ... ok
test_temporal_parenthetical_preserves_measurement_subject (_sbtl_workflow_test_56_test_review_4861381740_contracts.TestReview4861381740Contracts.test_temporal_parenthetical_preserves_measurement_subject) ... ok
test_valid_interpretation_effect_with_temporal_parenthetical_remains_valid (_sbtl_workflow_test_56_test_review_4861381740_contracts.TestReview4861381740Contracts.test_valid_interpretation_effect_with_temporal_parenthetical_remains_valid) ... ok
test_bare_role_only_follow_up_assertions_fail (_sbtl_workflow_test_57_test_review_4861534917_contracts.TestReview4861534917Contracts.test_bare_role_only_follow_up_assertions_fail) ... ok
test_complete_v3_rejects_generic_possessive_target_bypass (_sbtl_workflow_test_57_test_review_4861534917_contracts.TestReview4861534917Contracts.test_complete_v3_rejects_generic_possessive_target_bypass) ... ok
test_complete_v3_rejects_internal_temporal_parenthetical_bypass (_sbtl_workflow_test_57_test_review_4861534917_contracts.TestReview4861534917Contracts.test_complete_v3_rejects_internal_temporal_parenthetical_bypass) ... ok
test_dated_assertions_with_subject_or_change_remain_valid (_sbtl_workflow_test_57_test_review_4861534917_contracts.TestReview4861534917Contracts.test_dated_assertions_with_subject_or_change_remain_valid) ... ok
test_dated_role_only_follow_up_assertions_fail (_sbtl_workflow_test_57_test_review_4861534917_contracts.TestReview4861534917Contracts.test_dated_role_only_follow_up_assertions_fail) ... ok
test_focused_related_module_imports_as_package (_sbtl_workflow_test_57_test_review_4861534917_contracts.TestReview4861534917Contracts.test_focused_related_module_imports_as_package) ... ok
test_generic_possessive_owner_does_not_become_named_subject (_sbtl_workflow_test_57_test_review_4861534917_contracts.TestReview4861534917Contracts.test_generic_possessive_owner_does_not_become_named_subject) ... ok
test_internal_temporal_marker_in_parenthetical_preserves_subject (_sbtl_workflow_test_57_test_review_4861534917_contracts.TestReview4861534917Contracts.test_internal_temporal_marker_in_parenthetical_preserves_subject) ... ok
test_item_specific_possessive_subject_remains_valid (_sbtl_workflow_test_57_test_review_4861534917_contracts.TestReview4861534917Contracts.test_item_specific_possessive_subject_remains_valid) ... ok
test_substantive_concise_follow_up_assertions_remain_valid (_sbtl_workflow_test_57_test_review_4861534917_contracts.TestReview4861534917Contracts.test_substantive_concise_follow_up_assertions_remain_valid) ... ok
test_valid_transitive_effect_with_internal_temporal_parenthetical_passes (_sbtl_workflow_test_57_test_review_4861534917_contracts.TestReview4861534917Contracts.test_valid_transitive_effect_with_internal_temporal_parenthetical_passes) ... ok
test_complete_v3_rejects_plural_generic_possessive_target_bypass (_sbtl_workflow_test_58_test_review_4861676549_contracts.TestReview4861676549Contracts.test_complete_v3_rejects_plural_generic_possessive_target_bypass) ... ok
test_complete_v3_rejects_temporal_parenthetical_subject_bypass (_sbtl_workflow_test_58_test_review_4861676549_contracts.TestReview4861676549Contracts.test_complete_v3_rejects_temporal_parenthetical_subject_bypass) ... ok
test_item_specific_plural_possessive_subjects_remain_valid (_sbtl_workflow_test_58_test_review_4861676549_contracts.TestReview4861676549Contracts.test_item_specific_plural_possessive_subjects_remain_valid) ... ok
test_nonperiod_as_and_for_clauses_are_not_overpreserved (_sbtl_workflow_test_58_test_review_4861676549_contracts.TestReview4861676549Contracts.test_nonperiod_as_and_for_clauses_are_not_overpreserved) ... ok
test_plural_generic_possessive_owners_are_not_named_subjects (_sbtl_workflow_test_58_test_review_4861676549_contracts.TestReview4861676549Contracts.test_plural_generic_possessive_owners_are_not_named_subjects) ... ok
test_safe_temporal_parentheticals_preserve_measurement_subject (_sbtl_workflow_test_58_test_review_4861676549_contracts.TestReview4861676549Contracts.test_safe_temporal_parentheticals_preserve_measurement_subject) ... ok
test_valid_transitive_effects_with_temporal_parentheticals_pass (_sbtl_workflow_test_58_test_review_4861676549_contracts.TestReview4861676549Contracts.test_valid_transitive_effects_with_temporal_parentheticals_pass) ... ok
test_bare_plural_metric_and_event_roles_are_not_named_subjects (_sbtl_workflow_test_59_test_review_4861791404_contracts.TestReview4861791404Contracts.test_bare_plural_metric_and_event_roles_are_not_named_subjects) ... ok
test_complete_v3_rejects_bare_plural_role_target_bypass (_sbtl_workflow_test_59_test_review_4861791404_contracts.TestReview4861791404Contracts.test_complete_v3_rejects_bare_plural_role_target_bypass) ... ok
test_named_plural_roles_remain_valid (_sbtl_workflow_test_59_test_review_4861791404_contracts.TestReview4861791404Contracts.test_named_plural_roles_remain_valid) ... ok
test_period_qualified_roles_without_named_subject_are_rejected (_sbtl_workflow_test_59_test_review_4861791404_contracts.TestReview4861791404Contracts.test_period_qualified_roles_without_named_subject_are_rejected) ... ok
test_plural_role_normalization_does_not_create_subjects_after_modifiers (_sbtl_workflow_test_59_test_review_4861791404_contracts.TestReview4861791404Contracts.test_plural_role_normalization_does_not_create_subjects_after_modifiers) ... ok
test_bare_period_parentheticals_preserve_measurement_subject (_sbtl_workflow_test_60_test_review_4861881600_contracts.TestReview4861881600Contracts.test_bare_period_parentheticals_preserve_measurement_subject) ... ok
test_complete_v3_rejects_bare_period_subject_bypass (_sbtl_workflow_test_60_test_review_4861881600_contracts.TestReview4861881600Contracts.test_complete_v3_rejects_bare_period_subject_bypass) ... ok
test_nonperiod_bare_parentheticals_are_not_overpreserved (_sbtl_workflow_test_60_test_review_4861881600_contracts.TestReview4861881600Contracts.test_nonperiod_bare_parentheticals_are_not_overpreserved) ... ok
test_transitive_effects_with_bare_period_parentheticals_remain_valid (_sbtl_workflow_test_60_test_review_4861881600_contracts.TestReview4861881600Contracts.test_transitive_effects_with_bare_period_parentheticals_remain_valid) ... ok
test_full_related_data_financial_roles_are_accepted (_sbtl_workflow_test_61_test_review_4862131806_contracts.TestReview4862131806Contracts.test_full_related_data_financial_roles_are_accepted) ... ok
test_generic_owner_possessives_and_plurals_are_neutral (_sbtl_workflow_test_61_test_review_4862131806_contracts.TestReview4862131806Contracts.test_generic_owner_possessives_and_plurals_are_neutral) ... ok
test_neutral_words_do_not_become_follow_up_subjects (_sbtl_workflow_test_61_test_review_4862131806_contracts.TestReview4862131806Contracts.test_neutral_words_do_not_become_follow_up_subjects) ... ok
test_numeric_entity_labels_are_concrete_subjects (_sbtl_workflow_test_61_test_review_4862131806_contracts.TestReview4862131806Contracts.test_numeric_entity_labels_are_concrete_subjects) ... ok
test_bare_non_executable_final_qc_commands_are_absent (_sbtl_workflow_test_62_test_review_4864682739_contracts.TestReview4864682739Contracts.test_bare_non_executable_final_qc_commands_are_absent) ... ok
test_generic_owner_plus_letter_does_not_become_a_subject (_sbtl_workflow_test_63_test_review_4866342255_contracts.TestReview4866342255LetteredEntityContracts.test_generic_owner_plus_letter_does_not_become_a_subject) ... ok
test_lettered_project_and_facility_labels_are_concrete_subjects (_sbtl_workflow_test_63_test_review_4866342255_contracts.TestReview4866342255LetteredEntityContracts.test_lettered_project_and_facility_labels_are_concrete_subjects) ... ok
test_ambiguous_provisional_and_cross_namespace_ids_fail_closed (_sbtl_workflow_test_63_test_review_4866342255_contracts.TestReview4866342255ScopeContracts.test_ambiguous_provisional_and_cross_namespace_ids_fail_closed) ... ok
test_partial_scope_retains_unique_matches_but_fails (_sbtl_workflow_test_63_test_review_4866342255_contracts.TestReview4866342255ScopeContracts.test_partial_scope_retains_unique_matches_but_fails) ... ok
test_same_row_canonical_and_provisional_alias_is_unambiguous (_sbtl_workflow_test_63_test_review_4866342255_contracts.TestReview4866342255ScopeContracts.test_same_row_canonical_and_provisional_alias_is_unambiguous) ... ok
test_unique_draft_and_source_spec_ids_select_premerge_cards (_sbtl_workflow_test_63_test_review_4866342255_contracts.TestReview4866342255ScopeContracts.test_unique_draft_and_source_spec_ids_select_premerge_cards) ... ok
test_conditional_and_concessive_effect_bypass_is_rejected (_sbtl_workflow_test_64_test_review_4866528845_contracts.TestReview4866528845Contracts.test_conditional_and_concessive_effect_bypass_is_rejected) ... ok
test_generic_exact_target_owners_are_neutral (_sbtl_workflow_test_64_test_review_4866528845_contracts.TestReview4866528845Contracts.test_generic_exact_target_owners_are_neutral) ... ok
test_plural_neutral_related_subjects_fail (_sbtl_workflow_test_64_test_review_4866528845_contracts.TestReview4866528845Contracts.test_plural_neutral_related_subjects_fail) ... ok
test_provisional_csv_columns_are_loaded (_sbtl_workflow_test_64_test_review_4866528845_contracts.TestReview4866528845Contracts.test_provisional_csv_columns_are_loaded) ... ok
test_complete_v3_accepts_lettered_project_targets (_sbtl_workflow_test_65_test_review_4866764030_contracts.TestReview4866764030Contracts.test_complete_v3_accepts_lettered_project_targets) ... ok
test_complete_v3_rejects_even_though_measurement_bypass (_sbtl_workflow_test_65_test_review_4866764030_contracts.TestReview4866764030Contracts.test_complete_v3_rejects_even_though_measurement_bypass) ... ok
test_completed_interpretation_effect_before_concession_remains_valid (_sbtl_workflow_test_65_test_review_4866764030_contracts.TestReview4866764030Contracts.test_completed_interpretation_effect_before_concession_remains_valid) ... ok
test_even_though_is_a_concessive_clause_boundary (_sbtl_workflow_test_65_test_review_4866764030_contracts.TestReview4866764030Contracts.test_even_though_is_a_concessive_clause_boundary) ... ok
test_generic_owner_plus_letter_remains_neutral (_sbtl_workflow_test_65_test_review_4866764030_contracts.TestReview4866764030Contracts.test_generic_owner_plus_letter_remains_neutral) ... ok
test_lettered_item_class_targets_are_exact (_sbtl_workflow_test_65_test_review_4866764030_contracts.TestReview4866764030Contracts.test_lettered_item_class_targets_are_exact) ... ok
test_lettered_item_without_substantive_target_still_fails (_sbtl_workflow_test_65_test_review_4866764030_contracts.TestReview4866764030Contracts.test_lettered_item_without_substantive_target_still_fails) ... ok
test_complete_v3_accepts_leading_concession_main_effect (_sbtl_workflow_test_66_test_review_4866897921_contracts.TestReview4866897921Contracts.test_complete_v3_accepts_leading_concession_main_effect) ... ok
test_complete_v3_rejects_leading_concession_without_main_effect (_sbtl_workflow_test_66_test_review_4866897921_contracts.TestReview4866897921Contracts.test_complete_v3_rejects_leading_concession_without_main_effect) ... ok
test_leading_dependent_clause_uses_following_main_clause (_sbtl_workflow_test_66_test_review_4866897921_contracts.TestReview4866897921Contracts.test_leading_dependent_clause_uses_following_main_clause) ... ok
test_leading_dependent_clause_without_main_effect_fails (_sbtl_workflow_test_66_test_review_4866897921_contracts.TestReview4866897921Contracts.test_leading_dependent_clause_without_main_effect_fails) ... ok
test_leading_marker_without_clause_separator_fails_closed (_sbtl_workflow_test_66_test_review_4866897921_contracts.TestReview4866897921Contracts.test_leading_marker_without_clause_separator_fails_closed) ... ok
test_trailing_dependent_clause_keeps_prefix_semantics (_sbtl_workflow_test_66_test_review_4866897921_contracts.TestReview4866897921Contracts.test_trailing_dependent_clause_keeps_prefix_semantics) ... ok
test_complete_v3_accepts_real_main_effect_and_rejects_nested_bypass (_sbtl_workflow_test_67_test_review_4867010846_contracts.TestReview4867010846Contracts.test_complete_v3_accepts_real_main_effect_and_rejects_nested_bypass) ... ok
test_leading_concession_main_clause_is_resplit_for_trailing_condition (_sbtl_workflow_test_67_test_review_4867010846_contracts.TestReview4867010846Contracts.test_leading_concession_main_clause_is_resplit_for_trailing_condition) ... ok
test_leading_concession_with_real_main_clause_effect_still_passes (_sbtl_workflow_test_67_test_review_4867010846_contracts.TestReview4867010846Contracts.test_leading_concession_with_real_main_clause_effect_still_passes) ... ok
test_medial_concession_does_not_hide_later_trailing_condition (_sbtl_workflow_test_67_test_review_4867010846_contracts.TestReview4867010846Contracts.test_medial_concession_does_not_hide_later_trailing_condition) ... ok
test_medial_concession_is_removed_without_losing_main_clause (_sbtl_workflow_test_67_test_review_4867010846_contracts.TestReview4867010846Contracts.test_medial_concession_is_removed_without_losing_main_clause) ... ok
test_complete_v3_accepts_korean_suffix_main_effect (_sbtl_workflow_test_68_test_review_4867134092_contracts.TestReview4867134092Contracts.test_complete_v3_accepts_korean_suffix_main_effect) ... ok
test_korean_suffix_concession_with_real_outlook_effect_passes (_sbtl_workflow_test_68_test_review_4867134092_contracts.TestReview4867134092Contracts.test_korean_suffix_concession_with_real_outlook_effect_passes) ... ok
test_korean_suffix_dependent_clause_keeps_following_main_clause (_sbtl_workflow_test_68_test_review_4867134092_contracts.TestReview4867134092Contracts.test_korean_suffix_dependent_clause_keeps_following_main_clause) ... ok
test_korean_suffix_main_clause_is_resplit_for_trailing_condition (_sbtl_workflow_test_68_test_review_4867134092_contracts.TestReview4867134092Contracts.test_korean_suffix_main_clause_is_resplit_for_trailing_condition) ... ok
test_plural_related_roles_are_normalized (_sbtl_workflow_test_68_test_review_4867134092_contracts.TestReview4867134092Contracts.test_plural_related_roles_are_normalized) ... ok
test_plural_roles_do_not_create_generic_subjects (_sbtl_workflow_test_68_test_review_4867134092_contracts.TestReview4867134092Contracts.test_plural_roles_do_not_create_generic_subjects) ... ok
test_complete_v3_accepts_item_specific_plural_targets (_sbtl_workflow_test_69_test_review_4867268734_contracts.TestReview4867268734Contracts.test_complete_v3_accepts_item_specific_plural_targets) ... ok
test_composite_period_plus_bare_role_is_not_item_specific (_sbtl_workflow_test_69_test_review_4867268734_contracts.TestReview4867268734Contracts.test_composite_period_plus_bare_role_is_not_item_specific) ... ok
test_item_specific_plural_exact_targets_pass_prior_gate (_sbtl_workflow_test_69_test_review_4867268734_contracts.TestReview4867268734Contracts.test_item_specific_plural_exact_targets_pass_prior_gate) ... ok
test_named_composite_period_assertions_remain_valid (_sbtl_workflow_test_69_test_review_4867268734_contracts.TestReview4867268734Contracts.test_named_composite_period_assertions_remain_valid) ... ok
test_plural_exact_target_normalization_does_not_create_subjects (_sbtl_workflow_test_69_test_review_4867268734_contracts.TestReview4867268734Contracts.test_plural_exact_target_normalization_does_not_create_subjects) ... ok
test_strict_related_rejects_composite_period_only_assertions (_sbtl_workflow_test_69_test_review_4867268734_contracts.TestReview4867268734Contracts.test_strict_related_rejects_composite_period_only_assertions) ... ok
test_named_number_first_quarter_assertions_remain_valid (_sbtl_workflow_test_70_test_review_4867393425_contracts.TestReview4867393425Contracts.test_named_number_first_quarter_assertions_remain_valid) ... ok
test_number_first_quarter_labels_are_temporal_tokens (_sbtl_workflow_test_70_test_review_4867393425_contracts.TestReview4867393425Contracts.test_number_first_quarter_labels_are_temporal_tokens) ... ok
test_number_first_quarter_plus_role_is_not_item_specific (_sbtl_workflow_test_70_test_review_4867393425_contracts.TestReview4867393425Contracts.test_number_first_quarter_plus_role_is_not_item_specific) ... ok
test_strict_related_rejects_number_first_quarter_only_assertions (_sbtl_workflow_test_70_test_review_4867393425_contracts.TestReview4867393425Contracts.test_strict_related_rejects_number_first_quarter_only_assertions) ... ok
test_named_split_period_assertions_remain_valid (_sbtl_workflow_test_71_test_review_4867523140_contracts.TestReview4867523140Contracts.test_named_split_period_assertions_remain_valid) ... ok
test_split_fiscal_and_quarter_markers_are_temporal (_sbtl_workflow_test_71_test_review_4867523140_contracts.TestReview4867523140Contracts.test_split_fiscal_and_quarter_markers_are_temporal) ... ok
test_split_period_plus_role_is_not_item_specific (_sbtl_workflow_test_71_test_review_4867523140_contracts.TestReview4867523140Contracts.test_split_period_plus_role_is_not_item_specific) ... ok
test_strict_related_rejects_split_period_only_assertions (_sbtl_workflow_test_71_test_review_4867523140_contracts.TestReview4867523140Contracts.test_strict_related_rejects_split_period_only_assertions) ... ok
test_complete_v3_rejects_provided_condition_bypass (_sbtl_workflow_test_72_test_review_4867629677_contracts.TestReview4867629677Contracts.test_complete_v3_rejects_provided_condition_bypass) ... ok
test_generic_numbered_owners_do_not_become_concrete_subjects (_sbtl_workflow_test_72_test_review_4867629677_contracts.TestReview4867629677Contracts.test_generic_numbered_owners_do_not_become_concrete_subjects) ... ok
test_leading_provided_condition_keeps_real_main_effect (_sbtl_workflow_test_72_test_review_4867629677_contracts.TestReview4867629677Contracts.test_leading_provided_condition_keeps_real_main_effect) ... ok
test_numbered_project_and_program_labels_are_concrete_subjects (_sbtl_workflow_test_72_test_review_4867629677_contracts.TestReview4867629677Contracts.test_numbered_project_and_program_labels_are_concrete_subjects) ... ok
test_provided_and_assuming_conditions_do_not_bind_metric_effects (_sbtl_workflow_test_72_test_review_4867629677_contracts.TestReview4867629677Contracts.test_provided_and_assuming_conditions_do_not_bind_metric_effects) ... ok
test_strict_related_accepts_numbered_project_and_program_labels (_sbtl_workflow_test_72_test_review_4867629677_contracts.TestReview4867629677Contracts.test_strict_related_accepts_numbered_project_and_program_labels) ... ok
test_adjacent_fiscal_modifiers_are_temporal (_sbtl_workflow_test_73_test_review_4867952099_contracts.TestReview4867952099Contracts.test_adjacent_fiscal_modifiers_are_temporal) ... ok
test_complete_v3_rejects_condition_that_bypass (_sbtl_workflow_test_73_test_review_4867952099_contracts.TestReview4867952099Contracts.test_complete_v3_rejects_condition_that_bypass) ... ok
test_condition_that_and_supposing_do_not_bind_metric_effects (_sbtl_workflow_test_73_test_review_4867952099_contracts.TestReview4867952099Contracts.test_condition_that_and_supposing_do_not_bind_metric_effects) ... ok
test_leading_condition_that_keeps_real_main_effect (_sbtl_workflow_test_73_test_review_4867952099_contracts.TestReview4867952099Contracts.test_leading_condition_that_keeps_real_main_effect) ... ok
test_named_adjacent_fiscal_period_assertions_remain_valid (_sbtl_workflow_test_73_test_review_4867952099_contracts.TestReview4867952099Contracts.test_named_adjacent_fiscal_period_assertions_remain_valid) ... ok
test_strict_related_rejects_adjacent_fiscal_period_only_assertions (_sbtl_workflow_test_73_test_review_4867952099_contracts.TestReview4867952099Contracts.test_strict_related_rejects_adjacent_fiscal_period_only_assertions) ... ok
test_complete_v3_rejects_given_and_contingent_bypasses (_sbtl_workflow_test_74_test_review_4868067463_contracts.TestReview4868067463Contracts.test_complete_v3_rejects_given_and_contingent_bypasses) ... ok
test_fiscal_and_calendar_year_spans_are_temporal (_sbtl_workflow_test_74_test_review_4868067463_contracts.TestReview4868067463Contracts.test_fiscal_and_calendar_year_spans_are_temporal) ... ok
test_given_and_contingent_clauses_do_not_bind_metric_effects (_sbtl_workflow_test_74_test_review_4868067463_contracts.TestReview4868067463Contracts.test_given_and_contingent_clauses_do_not_bind_metric_effects) ... ok
test_leading_given_and_contingent_clauses_keep_real_main_effects (_sbtl_workflow_test_74_test_review_4868067463_contracts.TestReview4868067463Contracts.test_leading_given_and_contingent_clauses_keep_real_main_effects) ... ok
test_named_fiscal_year_assertions_remain_valid (_sbtl_workflow_test_74_test_review_4868067463_contracts.TestReview4868067463Contracts.test_named_fiscal_year_assertions_remain_valid) ... ok
test_strict_related_rejects_fiscal_year_only_assertions (_sbtl_workflow_test_74_test_review_4868067463_contracts.TestReview4868067463Contracts.test_strict_related_rejects_fiscal_year_only_assertions) ... ok
test_as_and_so_long_as_conditions_do_not_bind_metric_effects (_sbtl_workflow_test_75_test_review_4868367239_contracts.TestReview4868367239Contracts.test_as_and_so_long_as_conditions_do_not_bind_metric_effects) ... ok
test_complete_v3_rejects_long_condition_bypasses (_sbtl_workflow_test_75_test_review_4868367239_contracts.TestReview4868367239Contracts.test_complete_v3_rejects_long_condition_bypasses) ... ok
test_entity_only_labels_remain_rejected (_sbtl_workflow_test_75_test_review_4868367239_contracts.TestReview4868367239Contracts.test_entity_only_labels_remain_rejected) ... ok
test_financial_year_spans_are_temporal_and_not_specific (_sbtl_workflow_test_75_test_review_4868367239_contracts.TestReview4868367239Contracts.test_financial_year_spans_are_temporal_and_not_specific) ... ok
test_leading_long_conditions_keep_real_main_effects (_sbtl_workflow_test_75_test_review_4868367239_contracts.TestReview4868367239Contracts.test_leading_long_conditions_keep_real_main_effects) ... ok
test_named_execution_event_assertions_are_item_specific (_sbtl_workflow_test_75_test_review_4868367239_contracts.TestReview4868367239Contracts.test_named_execution_event_assertions_are_item_specific) ... ok
test_named_financial_year_assertions_remain_valid (_sbtl_workflow_test_75_test_review_4868367239_contracts.TestReview4868367239Contracts.test_named_financial_year_assertions_remain_valid) ... ok
test_strict_related_accepts_named_execution_event_anchors (_sbtl_workflow_test_75_test_review_4868367239_contracts.TestReview4868367239Contracts.test_strict_related_accepts_named_execution_event_anchors) ... ok
test_bare_execution_role_words_remain_rejected (_sbtl_workflow_test_76_test_review_4868539997_contracts.TestReview4868539997Contracts.test_bare_execution_role_words_remain_rejected) ... ok
test_complete_v3_rejects_conditional_binding_bypasses (_sbtl_workflow_test_76_test_review_4868539997_contracts.TestReview4868539997Contracts.test_complete_v3_rejects_conditional_binding_bypasses) ... ok
test_conditional_on_and_dependent_on_do_not_bind_dependent_effects (_sbtl_workflow_test_76_test_review_4868539997_contracts.TestReview4868539997Contracts.test_conditional_on_and_dependent_on_do_not_bind_dependent_effects) ... ok
test_leading_conditional_phrases_preserve_real_main_effects (_sbtl_workflow_test_76_test_review_4868539997_contracts.TestReview4868539997Contracts.test_leading_conditional_phrases_preserve_real_main_effects) ... ok
test_named_nominal_execution_anchors_are_item_specific (_sbtl_workflow_test_76_test_review_4868539997_contracts.TestReview4868539997Contracts.test_named_nominal_execution_anchors_are_item_specific) ... ok
test_strict_related_accepts_named_nominal_execution_anchors (_sbtl_workflow_test_76_test_review_4868539997_contracts.TestReview4868539997Contracts.test_strict_related_accepts_named_nominal_execution_anchors) ... ok
test_complete_v3_rejects_dependent_causal_suffix_bypass (_sbtl_workflow_test_77_test_review_4868891584_contracts.TestReview4868891584Contracts.test_complete_v3_rejects_dependent_causal_suffix_bypass) ... ok
test_dependent_causal_suffix_is_not_a_standalone_effect (_sbtl_workflow_test_77_test_review_4868891584_contracts.TestReview4868891584Contracts.test_dependent_causal_suffix_is_not_a_standalone_effect) ... ok
test_financial_roles_without_a_concrete_subject_remain_rejected (_sbtl_workflow_test_77_test_review_4868891584_contracts.TestReview4868891584Contracts.test_financial_roles_without_a_concrete_subject_remain_rejected) ... ok
test_leading_causal_clause_preserves_the_real_main_effect (_sbtl_workflow_test_77_test_review_4868891584_contracts.TestReview4868891584Contracts.test_leading_causal_clause_preserves_the_real_main_effect) ... ok
test_related_accepts_named_financial_and_operating_metrics (_sbtl_workflow_test_77_test_review_4868891584_contracts.TestReview4868891584Contracts.test_related_accepts_named_financial_and_operating_metrics) ... ok
test_complete_v3_rejects_number_only_target_bypass (_sbtl_workflow_test_78_test_review_4869087245_contracts.TestReview4869087245Contracts.test_complete_v3_rejects_number_only_target_bypass) ... ok
test_generic_change_predicates_are_not_related_subjects (_sbtl_workflow_test_78_test_review_4869087245_contracts.TestReview4869087245Contracts.test_generic_change_predicates_are_not_related_subjects) ... ok
test_named_change_assertions_remain_valid (_sbtl_workflow_test_78_test_review_4869087245_contracts.TestReview4869087245Contracts.test_named_change_assertions_remain_valid) ... ok
test_named_numeric_exact_targets_remain_valid (_sbtl_workflow_test_78_test_review_4869087245_contracts.TestReview4869087245Contracts.test_named_numeric_exact_targets_remain_valid) ... ok
test_numbers_do_not_replace_an_exact_target_subject (_sbtl_workflow_test_78_test_review_4869087245_contracts.TestReview4869087245Contracts.test_numbers_do_not_replace_an_exact_target_subject) ... ok
test_complete_v3_accepts_numbered_entity_targets (_sbtl_workflow_test_79_test_review_4869324626_contracts.TestReview4869324626Contracts.test_complete_v3_accepts_numbered_entity_targets) ... ok
test_generic_forecast_sentiment_and_confidence_are_not_related_subjects (_sbtl_workflow_test_79_test_review_4869324626_contracts.TestReview4869324626Contracts.test_generic_forecast_sentiment_and_confidence_are_not_related_subjects) ... ok
test_leading_once_clause_preserves_the_independent_main_clause (_sbtl_workflow_test_79_test_review_4869324626_contracts.TestReview4869324626Contracts.test_leading_once_clause_preserves_the_independent_main_clause) ... ok
test_named_forecast_sentiment_and_confidence_remain_valid (_sbtl_workflow_test_79_test_review_4869324626_contracts.TestReview4869324626Contracts.test_named_forecast_sentiment_and_confidence_remain_valid) ... ok
test_numbered_entity_labels_are_exact_target_subjects (_sbtl_workflow_test_79_test_review_4869324626_contracts.TestReview4869324626Contracts.test_numbered_entity_labels_are_exact_target_subjects) ... ok
test_once_and_whenever_suffixes_do_not_supply_the_effect (_sbtl_workflow_test_79_test_review_4869324626_contracts.TestReview4869324626Contracts.test_once_and_whenever_suffixes_do_not_supply_the_effect) ... ok
test_temporal_noun_modifiers_preserve_main_effect (_sbtl_workflow_test_79_test_review_4869324626_contracts.TestReview4869324626Contracts.test_temporal_noun_modifiers_preserve_main_effect) ... ok
test_leading_since_and_when_clauses_preserve_independent_effect (_sbtl_workflow_test_80_test_review_4869541592_contracts.TestReview4869541592Contracts.test_leading_since_and_when_clauses_preserve_independent_effect) ... ok
test_ordinary_candidate_accepts_complete_v3_override (_sbtl_workflow_test_80_test_review_4869541592_contracts.TestReview4869541592Contracts.test_ordinary_candidate_accepts_complete_v3_override) ... ok
test_ordinary_candidate_rejects_dual_execution_and_v3_routes (_sbtl_workflow_test_80_test_review_4869541592_contracts.TestReview4869541592Contracts.test_ordinary_candidate_rejects_dual_execution_and_v3_routes) ... ok
test_ordinary_candidate_rejects_incomplete_v3_override (_sbtl_workflow_test_80_test_review_4869541592_contracts.TestReview4869541592Contracts.test_ordinary_candidate_rejects_incomplete_v3_override) ... ok
test_since_and_when_real_dependent_clauses_remain_excluded (_sbtl_workflow_test_80_test_review_4869541592_contracts.TestReview4869541592Contracts.test_since_and_when_real_dependent_clauses_remain_excluded) ... ok
test_since_period_modifier_preserves_main_effect (_sbtl_workflow_test_80_test_review_4869541592_contracts.TestReview4869541592Contracts.test_since_period_modifier_preserves_main_effect) ... ok
test_when_reduced_status_modifier_preserves_main_effect (_sbtl_workflow_test_80_test_review_4869541592_contracts.TestReview4869541592Contracts.test_when_reduced_status_modifier_preserves_main_effect) ... ok
test_concrete_numbered_entity_judgment_changes_pass (_sbtl_workflow_test_81_test_review_4870635557_contracts.TestReview4870635557Contracts.test_concrete_numbered_entity_judgment_changes_pass) ... ok
test_generic_judgment_changes_without_subject_still_fail (_sbtl_workflow_test_81_test_review_4870635557_contracts.TestReview4870635557Contracts.test_generic_judgment_changes_without_subject_still_fail) ... ok
test_metric_nouns_without_a_development_fail (_sbtl_workflow_test_81_test_review_4870635557_contracts.TestReview4870635557Contracts.test_metric_nouns_without_a_development_fail) ... ok
test_nominal_change_modifiers_do_not_fabricate_subjects (_sbtl_workflow_test_81_test_review_4870635557_contracts.TestReview4870635557Contracts.test_nominal_change_modifiers_do_not_fabricate_subjects) ... ok
test_nominal_metric_changes_pass (_sbtl_workflow_test_81_test_review_4870635557_contracts.TestReview4870635557Contracts.test_nominal_metric_changes_pass) ... ok
test_nominal_metric_changes_still_require_a_concrete_subject (_sbtl_workflow_test_81_test_review_4870635557_contracts.TestReview4870635557Contracts.test_nominal_metric_changes_still_require_a_concrete_subject) ... ok
test_numeric_entity_identifiers_are_not_metric_values (_sbtl_workflow_test_81_test_review_4870635557_contracts.TestReview4870635557Contracts.test_numeric_entity_identifiers_are_not_metric_values) ... ok
test_scoped_or_developed_metric_assertions_pass (_sbtl_workflow_test_81_test_review_4870635557_contracts.TestReview4870635557Contracts.test_scoped_or_developed_metric_assertions_pass) ... ok
test_positive_entity_signals_remain_supported (_sbtl_workflow_test_82_test_review_4871160705_contracts.TestReview4871160705Contracts.test_positive_entity_signals_remain_supported) ... ok
test_sentence_initial_modifiers_are_not_entity_subjects (_sbtl_workflow_test_82_test_review_4871160705_contracts.TestReview4871160705Contracts.test_sentence_initial_modifiers_are_not_entity_subjects) ... ok
test_execution_anchor_requires_non_whitespace_pattern (_sbtl_workflow_test_83_test_review_4871173263_contracts.TestReview4871173263Contracts.test_execution_anchor_requires_non_whitespace_pattern) ... ok
test_structured_alias_lists_are_fully_pinned (_sbtl_workflow_test_83_test_review_4871173263_contracts.TestReview4871173263Contracts.test_structured_alias_lists_are_fully_pinned) ... ok
test_positive_korean_entity_signals_remain_supported (_sbtl_workflow_test_84_test_review_4871316119_contracts.TestReview4871316119Contracts.test_positive_korean_entity_signals_remain_supported) ... ok
test_unknown_hangul_modifiers_do_not_become_entities (_sbtl_workflow_test_84_test_review_4871316119_contracts.TestReview4871316119Contracts.test_unknown_hangul_modifiers_do_not_become_entities) ... ok
test_narrative_schemas_require_non_whitespace_content (_sbtl_workflow_test_85_test_review_4871316124_contracts.TestReview4871316124Contracts.test_narrative_schemas_require_non_whitespace_content) ... ok
test_removed_narrative_pattern_is_canonical_drift (_sbtl_workflow_test_85_test_review_4871316124_contracts.TestReview4871316124Contracts.test_removed_narrative_pattern_is_canonical_drift) ... ok
test_canonical_and_compatibility_pairs_remain_valid (_sbtl_workflow_test_86_test_review_4871394041_contracts.TestReview4871394041Contracts.test_canonical_and_compatibility_pairs_remain_valid) ... ok
test_free_text_applies_four_character_trimmed_minimum (_sbtl_workflow_test_86_test_review_4871394041_contracts.TestReview4871394041Contracts.test_free_text_applies_four_character_trimmed_minimum) ... ok
test_pattern_removal_or_weakening_is_detected_as_drift (_sbtl_workflow_test_86_test_review_4871394041_contracts.TestReview4871394041Contracts.test_pattern_removal_or_weakening_is_detected_as_drift) ... ok
test_structured_values_apply_minimum_after_trimming (_sbtl_workflow_test_86_test_review_4871394041_contracts.TestReview4871394041Contracts.test_structured_values_apply_minimum_after_trimming) ... ok
test_comparative_period_acronyms_are_not_entities (_sbtl_workflow_test_87_test_review_4871397803_contracts.TestReview4871397803Contracts.test_comparative_period_acronyms_are_not_entities) ... ok
test_generic_korean_class_modifiers_are_not_identifiers (_sbtl_workflow_test_87_test_review_4871397803_contracts.TestReview4871397803Contracts.test_generic_korean_class_modifiers_are_not_identifiers) ... ok
test_named_korean_class_bound_subjects_remain_valid (_sbtl_workflow_test_87_test_review_4871397803_contracts.TestReview4871397803Contracts.test_named_korean_class_bound_subjects_remain_valid) ... ok
test_real_acronym_and_named_period_subjects_remain_valid (_sbtl_workflow_test_87_test_review_4871397803_contracts.TestReview4871397803Contracts.test_real_acronym_and_named_period_subjects_remain_valid) ... ok
test_current_contract_is_self_consistent (_sbtl_workflow_test_88_test_review_4871908038_contracts.TestReview4871908038Contracts.test_current_contract_is_self_consistent) ... ok
test_narrative_minimum_is_applied_after_trimming (_sbtl_workflow_test_88_test_review_4871908038_contracts.TestReview4871908038Contracts.test_narrative_minimum_is_applied_after_trimming) ... ok
test_narrative_pattern_removal_or_weakening_is_drift (_sbtl_workflow_test_88_test_review_4871908038_contracts.TestReview4871908038Contracts.test_narrative_pattern_removal_or_weakening_is_drift) ... ok
test_complete_v3_override_accepts_each_single_alias_pair (_sbtl_workflow_test_89_test_review_4872596204_contracts.TestReview4872596204Contracts.test_complete_v3_override_accepts_each_single_alias_pair) ... ok
test_complete_v3_override_rejects_mixed_and_dual_pairs (_sbtl_workflow_test_89_test_review_4872596204_contracts.TestReview4872596204Contracts.test_complete_v3_override_rejects_mixed_and_dual_pairs) ... ok
test_confirmation_requires_exactly_one_complete_alias_pair (_sbtl_workflow_test_89_test_review_4872596204_contracts.TestReview4872596204Contracts.test_confirmation_requires_exactly_one_complete_alias_pair) ... ok
test_evidence_requires_exactly_one_complete_alias_pair (_sbtl_workflow_test_89_test_review_4872596204_contracts.TestReview4872596204Contracts.test_evidence_requires_exactly_one_complete_alias_pair) ... ok
test_canonical_review_pool_summary_key_names_are_required (_sbtl_workflow_test_90_test_review_4937164285_contracts.Review4937164285Contracts.test_canonical_review_pool_summary_key_names_are_required) ... ok
test_earnings_candidates_require_bounded_rescue_questions (_sbtl_workflow_test_90_test_review_4937164285_contracts.Review4937164285Contracts.test_earnings_candidates_require_bounded_rescue_questions) ... ok
test_flow_rejects_malformed_execution_shared_values (_sbtl_workflow_test_90_test_review_4937164285_contracts.Review4937164285Contracts.test_flow_rejects_malformed_execution_shared_values) ... ok
test_legal_policy_candidates_require_complete_legal_surface (_sbtl_workflow_test_90_test_review_4937164285_contracts.Review4937164285Contracts.test_legal_policy_candidates_require_complete_legal_surface) ... ok
test_malformed_empty_only_metadata_returns_errors_not_typeerror (_sbtl_workflow_test_90_test_review_4937164285_contracts.Review4937164285Contracts.test_malformed_empty_only_metadata_returns_errors_not_typeerror) ... ok
test_non_earnings_summary_may_use_not_applicable_audit_status (_sbtl_workflow_test_90_test_review_4937164285_contracts.Review4937164285Contracts.test_non_earnings_summary_may_use_not_applicable_audit_status) ... ok
test_selector_lineage_is_required_and_preserved_downstream (_sbtl_workflow_test_90_test_review_4937164285_contracts.Review4937164285Contracts.test_selector_lineage_is_required_and_preserved_downstream) ... ok
test_structural_signal_review_derives_rescue_requirement_from_subtype (_sbtl_workflow_test_90_test_review_4937164285_contracts.Review4937164285Contracts.test_structural_signal_review_derives_rescue_requirement_from_subtype) ... ok
test_canonical_schema_requires_non_execution_selector_version (_sbtl_workflow_test_91_test_review_4943607439_contracts.Review4943607439Contracts.test_canonical_schema_requires_non_execution_selector_version) ... ok
test_credibility_gate_requires_populated_and_matching_anchor_evidence (_sbtl_workflow_test_91_test_review_4943607439_contracts.Review4943607439Contracts.test_credibility_gate_requires_populated_and_matching_anchor_evidence) ... ok
test_decision_ledger_keeps_base_stage_a_columns (_sbtl_workflow_test_91_test_review_4943607439_contracts.Review4943607439Contracts.test_decision_ledger_keeps_base_stage_a_columns) ... ok
test_earnings_not_applicable_is_rejected_when_earnings_candidate_exists (_sbtl_workflow_test_91_test_review_4943607439_contracts.Review4943607439Contracts.test_earnings_not_applicable_is_rejected_when_earnings_candidate_exists) ... ok
test_finite_since_event_clause_does_not_supply_interpretation_effect (_sbtl_workflow_test_91_test_review_4943607439_contracts.Review4943607439Contracts.test_finite_since_event_clause_does_not_supply_interpretation_effect) ... ok
test_flow_consumes_projected_override_split (_sbtl_workflow_test_91_test_review_4943607439_contracts.Review4943607439Contracts.test_flow_consumes_projected_override_split) ... ok
test_full_artifact_requires_non_review_outcome_arrays (_sbtl_workflow_test_91_test_review_4943607439_contracts.Review4943607439Contracts.test_full_artifact_requires_non_review_outcome_arrays) ... ok
test_generated_contract_projects_route_neutral_split_and_selector (_sbtl_workflow_test_91_test_review_4943607439_contracts.Review4943607439Contracts.test_generated_contract_projects_route_neutral_split_and_selector) ... ok
test_review_items_must_match_partition_and_cannot_bypass_to_stage_b (_sbtl_workflow_test_91_test_review_4943607439_contracts.Review4943607439Contracts.test_review_items_must_match_partition_and_cannot_bypass_to_stage_b) ... ok
test_earnings_review_subtype_cannot_self_disable_requirements (_sbtl_workflow_test_92_test_review_4943656188_contracts.Review4943656188Contracts.test_earnings_review_subtype_cannot_self_disable_requirements) ... ok
test_fixed_v3_field_set_cannot_be_coherently_shrunk (_sbtl_workflow_test_92_test_review_4943656188_contracts.Review4943656188Contracts.test_fixed_v3_field_set_cannot_be_coherently_shrunk) ... ok
test_full_artifact_requires_top_level_provenance (_sbtl_workflow_test_92_test_review_4943656188_contracts.Review4943656188Contracts.test_full_artifact_requires_top_level_provenance) ... ok
test_legal_default_caps_are_not_absolute_ceilings (_sbtl_workflow_test_92_test_review_4943656188_contracts.Review4943656188Contracts.test_legal_default_caps_are_not_absolute_ceilings) ... ok
test_malformed_outcome_entries_fail_closed_before_legacy_validator (_sbtl_workflow_test_92_test_review_4943656188_contracts.Review4943656188Contracts.test_malformed_outcome_entries_fail_closed_before_legacy_validator) ... ok
test_modal_since_event_clause_does_not_supply_interpretation_effect (_sbtl_workflow_test_92_test_review_4943656188_contracts.Review4943656188Contracts.test_modal_since_event_clause_does_not_supply_interpretation_effect) ... ok
test_outcome_story_ids_are_reconciled_to_decision_ledger (_sbtl_workflow_test_92_test_review_4943656188_contracts.Review4943656188Contracts.test_outcome_story_ids_are_reconciled_to_decision_ledger) ... ok
test_promotion_precondition_rejects_non_text_scalars (_sbtl_workflow_test_92_test_review_4943656188_contracts.Review4943656188Contracts.test_promotion_precondition_rejects_non_text_scalars) ... ok
test_split_metadata_rejects_padded_names (_sbtl_workflow_test_92_test_review_4943656188_contracts.Review4943656188Contracts.test_split_metadata_rejects_padded_names) ... ok
test_strict_base_fields_are_part_of_full_artifact_contract (_sbtl_workflow_test_92_test_review_4943656188_contracts.Review4943656188Contracts.test_strict_base_fields_are_part_of_full_artifact_contract) ... ok
test_strict_credibility_strength_matches_execution_route (_sbtl_workflow_test_92_test_review_4943656188_contracts.Review4943656188Contracts.test_strict_credibility_strength_matches_execution_route) ... ok
test_summary_candidate_id_arrays_are_reconciled (_sbtl_workflow_test_92_test_review_4943656188_contracts.Review4943656188Contracts.test_summary_candidate_id_arrays_are_reconciled) ... ok
test_all_v3_application_markers_are_required (_sbtl_workflow_test_93_test_review_4943695732_contracts.Review4943695732Contracts.test_all_v3_application_markers_are_required) ... ok
test_canonical_route_enum_memberships_are_version_pinned (_sbtl_workflow_test_93_test_review_4943695732_contracts.Review4943695732Contracts.test_canonical_route_enum_memberships_are_version_pinned) ... ok
test_denominator_gap_caps_systemic_scale_at_two (_sbtl_workflow_test_93_test_review_4943695732_contracts.Review4943695732Contracts.test_denominator_gap_caps_systemic_scale_at_two) ... ok
test_rejected_entries_require_complete_audit_fields (_sbtl_workflow_test_93_test_review_4943695732_contracts.Review4943695732Contracts.test_rejected_entries_require_complete_audit_fields) ... ok
test_required_docs_check_must_pass_and_cover_all_ten_docs (_sbtl_workflow_test_93_test_review_4943695732_contracts.Review4943695732Contracts.test_required_docs_check_must_pass_and_cover_all_ten_docs) ... ok
test_review_entries_require_complete_base_contract (_sbtl_workflow_test_93_test_review_4943695732_contracts.Review4943695732Contracts.test_review_entries_require_complete_base_contract) ... ok
test_story_cannot_appear_in_multiple_disposition_pools (_sbtl_workflow_test_93_test_review_4943695732_contracts.Review4943695732Contracts.test_story_cannot_appear_in_multiple_disposition_pools) ... ok
test_summary_id_arrays_are_order_insensitive_but_unique (_sbtl_workflow_test_93_test_review_4943695732_contracts.Review4943695732Contracts.test_summary_id_arrays_are_order_insensitive_but_unique) ... ok
test_complete_nonreview_outcome_contracts_pass_targeted_validation (_sbtl_workflow_test_94_test_review_4943729715_contracts.Review4943729715Contracts.test_complete_nonreview_outcome_contracts_pass_targeted_validation) ... ok
test_malformed_summary_id_array_fails_closed_without_typeerror (_sbtl_workflow_test_94_test_review_4943729715_contracts.Review4943729715Contracts.test_malformed_summary_id_array_fails_closed_without_typeerror) ... ok
test_reinforcement_and_support_outcomes_require_complete_contracts (_sbtl_workflow_test_94_test_review_4943729715_contracts.Review4943729715Contracts.test_reinforcement_and_support_outcomes_require_complete_contracts) ... ok
test_review_resolution_ledger_rows_require_complete_contract (_sbtl_workflow_test_94_test_review_4943729715_contracts.Review4943729715Contracts.test_review_resolution_ledger_rows_require_complete_contract) ... ok
test_strict_bucket_rejects_duplicate_fatal_and_stale_values (_sbtl_workflow_test_94_test_review_4943729715_contracts.Review4943729715Contracts.test_strict_bucket_rejects_duplicate_fatal_and_stale_values) ... ok
test_decision_ledger_routing_must_match_emitted_strict_disposition (_sbtl_workflow_test_95_test_review_4943777463_contracts.Review4943777463Contracts.test_decision_ledger_routing_must_match_emitted_strict_disposition) ... ok
test_execution_route_requires_materialized_empty_override_fields (_sbtl_workflow_test_95_test_review_4943777463_contracts.Review4943777463Contracts.test_execution_route_requires_materialized_empty_override_fields) ... ok
test_needs_review_count_matches_emitted_review_partitions (_sbtl_workflow_test_95_test_review_4943777463_contracts.Review4943777463Contracts.test_needs_review_count_matches_emitted_review_partitions) ... ok
test_resolution_ledger_partition_matches_review_item_partition (_sbtl_workflow_test_95_test_review_4943777463_contracts.Review4943777463Contracts.test_resolution_ledger_partition_matches_review_item_partition) ... ok
test_strict_source_story_ids_require_unique_nonblank_strings (_sbtl_workflow_test_95_test_review_4943777463_contracts.Review4943777463Contracts.test_strict_source_story_ids_require_unique_nonblank_strings) ... ok
test_unhashable_execution_strength_fails_closed (_sbtl_workflow_test_95_test_review_4943777463_contracts.Review4943777463Contracts.test_unhashable_execution_strength_fails_closed) ... ok
test_legacy_membership_operands_fail_closed_before_typeerror (_sbtl_workflow_test_96_test_review_4943839828_contracts.Review4943839828Contracts.test_legacy_membership_operands_fail_closed_before_typeerror) ... ok
test_original_status_counts_are_integer_counts_matching_story_count (_sbtl_workflow_test_96_test_review_4943839828_contracts.Review4943839828Contracts.test_original_status_counts_are_integer_counts_matching_story_count) ... ok
test_resolution_ledger_story_identity_matches_review_item (_sbtl_workflow_test_96_test_review_4943839828_contracts.Review4943839828Contracts.test_resolution_ledger_story_identity_matches_review_item) ... ok
test_treasure_hunt_counts_ids_subset_and_results_reconcile (_sbtl_workflow_test_96_test_review_4943839828_contracts.Review4943839828Contracts.test_treasure_hunt_counts_ids_subset_and_results_reconcile) ... ok
test_duplicate_review_resolution_rows_are_rejected (_sbtl_workflow_test_97_test_review_4943878732_contracts.Review4943878732Contracts.test_duplicate_review_resolution_rows_are_rejected) ... ok
test_empty_review_workload_requires_explicit_audit_metadata (_sbtl_workflow_test_97_test_review_4943878732_contracts.Review4943878732Contracts.test_empty_review_workload_requires_explicit_audit_metadata) ... ok
test_legacy_review_pool_cannot_create_standalone_items (_sbtl_workflow_test_97_test_review_4943878732_contracts.Review4943878732Contracts.test_legacy_review_pool_cannot_create_standalone_items) ... ok
test_legacy_review_pool_must_mirror_partition_and_story_identity (_sbtl_workflow_test_97_test_review_4943878732_contracts.Review4943878732Contracts.test_legacy_review_pool_must_mirror_partition_and_story_identity) ... ok
test_stage_flow_rejects_dual_structured_alias_pairs (_sbtl_workflow_test_97_test_review_4943878732_contracts.Review4943878732Contracts.test_stage_flow_rejects_dual_structured_alias_pairs) ... ok
test_candidate_review_requires_partition_specific_fields (_sbtl_workflow_test_98_test_review_4943904060_contracts.Review4943904060Contracts.test_candidate_review_requires_partition_specific_fields) ... ok
test_candidate_review_uses_canonical_v3_route_validation (_sbtl_workflow_test_98_test_review_4943904060_contracts.Review4943904060Contracts.test_candidate_review_uses_canonical_v3_route_validation) ... ok
test_legal_default_cap_requires_proven_exception (_sbtl_workflow_test_98_test_review_4943904060_contracts.Review4943904060Contracts.test_legal_default_cap_requires_proven_exception) ... ok
test_next_call_safety_gates_are_required (_sbtl_workflow_test_98_test_review_4943904060_contracts.Review4943904060Contracts.test_next_call_safety_gates_are_required) ... ok
test_structured_next_call_recommendation_is_required_and_safe (_sbtl_workflow_test_98_test_review_4943904060_contracts.Review4943904060Contracts.test_structured_next_call_recommendation_is_required_and_safe) ... ok
test_unhashable_execution_strength_enum_fails_closed (_sbtl_workflow_test_98_test_review_4943904060_contracts.Review4943904060Contracts.test_unhashable_execution_strength_enum_fails_closed) ... ok
test_watchlist_and_reject_support_require_partition_specific_fields (_sbtl_workflow_test_98_test_review_4943904060_contracts.Review4943904060Contracts.test_watchlist_and_reject_support_require_partition_specific_fields) ... ok
test_emitted_stage_a_pool_prevents_completeness_bypass (_sbtl_workflow_test_99_test_review_4943980352_contracts.Review4943980352Contracts.test_emitted_stage_a_pool_prevents_completeness_bypass) ... ok
test_malformed_override_required_fields_fail_closed (_sbtl_workflow_test_99_test_review_4943980352_contracts.Review4943980352Contracts.test_malformed_override_required_fields_fail_closed) ... ok
test_zero_strict_next_call_is_routed_by_emitted_review_pools (_sbtl_workflow_test_99_test_review_4943980352_contracts.Review4943980352Contracts.test_zero_strict_next_call_is_routed_by_emitted_review_pools) ... ok
test_every_decision_ledger_story_requires_an_emitted_disposition (_sbtl_workflow_test_100_test_review_4945466862_contracts.Review4945466862Contracts.test_every_decision_ledger_story_requires_an_emitted_disposition) ... ok
test_explicit_legal_policy_stage_makes_legal_contract_applicable (_sbtl_workflow_test_100_test_review_4945466862_contracts.Review4945466862Contracts.test_explicit_legal_policy_stage_makes_legal_contract_applicable) ... ok
test_marker_stripped_multi_pool_artifact_still_cannot_bypass_full_validation (_sbtl_workflow_test_100_test_review_4945466862_contracts.Review4945466862Contracts.test_marker_stripped_multi_pool_artifact_still_cannot_bypass_full_validation) ... ok
test_route_only_public_validation_survives_but_full_entrypoint_is_fail_closed (_sbtl_workflow_test_100_test_review_4945466862_contracts.Review4945466862Contracts.test_route_only_public_validation_survives_but_full_entrypoint_is_fail_closed) ... ok
test_strict_candidate_requires_usable_source_url_candidates (_sbtl_workflow_test_100_test_review_4945466862_contracts.Review4945466862Contracts.test_strict_candidate_requires_usable_source_url_candidates) ... ok
test_explicit_technology_stage_applies_cap_without_anchor_or_lens_hint (_sbtl_workflow_test_101_test_review_4945615067_contracts.Review4945615067Contracts.test_explicit_technology_stage_applies_cap_without_anchor_or_lens_hint) ... ok
test_stage_b_recommendation_requires_pending_followup_when_review_work_remains (_sbtl_workflow_test_101_test_review_4945615067_contracts.Review4945615067Contracts.test_stage_b_recommendation_requires_pending_followup_when_review_work_remains) ... ok
test_strict_source_diversity_gate_is_fail_closed (_sbtl_workflow_test_101_test_review_4945615067_contracts.Review4945615067Contracts.test_strict_source_diversity_gate_is_fail_closed) ... ok
test_strict_spec_ids_must_be_unique (_sbtl_workflow_test_101_test_review_4945615067_contracts.Review4945615067Contracts.test_strict_spec_ids_must_be_unique) ... ok
test_empty_review_workload_preserves_empty_partition_summary_compatibility (_sbtl_workflow_test_102_test_review_4945643511_contracts.Review4945643511Contracts.test_empty_review_workload_preserves_empty_partition_summary_compatibility) ... ok
test_every_treasure_result_row_requires_story_identity (_sbtl_workflow_test_102_test_review_4945643511_contracts.Review4945643511Contracts.test_every_treasure_result_row_requires_story_identity) ... ok
test_review_partition_summary_reconciles_authoritative_pool_counts (_sbtl_workflow_test_102_test_review_4945643511_contracts.Review4945643511Contracts.test_review_partition_summary_reconciles_authoritative_pool_counts) ... ok
test_unknown_explicit_legal_stage_is_rejected_without_policy_hints (_sbtl_workflow_test_102_test_review_4945643511_contracts.Review4945643511Contracts.test_unknown_explicit_legal_stage_is_rejected_without_policy_hints) ... ok
test_unknown_explicit_technology_stage_is_rejected_without_technology_hints (_sbtl_workflow_test_102_test_review_4945643511_contracts.Review4945643511Contracts.test_unknown_explicit_technology_stage_is_rejected_without_technology_hints) ... ok
test_cli_preserves_route_only_stage_a_compatibility (_sbtl_workflow_test_103_test_review_4945668766_contracts.Review4945668766Contracts.test_cli_preserves_route_only_stage_a_compatibility) ... ok
test_cli_routes_recognizable_full_artifact_to_full_validation (_sbtl_workflow_test_103_test_review_4945668766_contracts.Review4945668766Contracts.test_cli_routes_recognizable_full_artifact_to_full_validation) ... ok
test_complete_fixture_has_no_review_4945668766_findings (_sbtl_workflow_test_103_test_review_4945668766_contracts.Review4945668766Contracts.test_complete_fixture_has_no_review_4945668766_findings) ... ok
test_decision_ledger_v3_metadata_matches_emitted_strict_spec (_sbtl_workflow_test_103_test_review_4945668766_contracts.Review4945668766Contracts.test_decision_ledger_v3_metadata_matches_emitted_strict_spec) ... ok
test_real_subprocess_cli_preserves_route_only_stage_a_compatibility (_sbtl_workflow_test_103_test_review_4945668766_contracts.Review4945668766Contracts.test_real_subprocess_cli_preserves_route_only_stage_a_compatibility) ... ok
test_source_prompt_provenance_fields_are_required (_sbtl_workflow_test_103_test_review_4945668766_contracts.Review4945668766Contracts.test_source_prompt_provenance_fields_are_required) ... ok
test_source_prompt_provenance_values_fail_closed (_sbtl_workflow_test_103_test_review_4945668766_contracts.Review4945668766Contracts.test_source_prompt_provenance_values_fail_closed) ... ok
test_strict_spec_requires_stage_b_evidence_package (_sbtl_workflow_test_103_test_review_4945668766_contracts.Review4945668766Contracts.test_strict_spec_requires_stage_b_evidence_package) ... ok
test_legacy_keep_cannot_overlap_another_disposition (_sbtl_workflow_test_104_test_review_4945713246_contracts.Review4945713246Contracts.test_legacy_keep_cannot_overlap_another_disposition) ... ok
test_legacy_keep_is_a_canonical_ledger_disposition (_sbtl_workflow_test_104_test_review_4945713246_contracts.Review4945713246Contracts.test_legacy_keep_is_a_canonical_ledger_disposition) ... ok
test_review_resolution_disposition_must_match_emitted_item (_sbtl_workflow_test_104_test_review_4945713246_contracts.Review4945713246Contracts.test_review_resolution_disposition_must_match_emitted_item) ... ok
test_review_resolution_requires_extended_audit_contract (_sbtl_workflow_test_104_test_review_4945713246_contracts.Review4945713246Contracts.test_review_resolution_requires_extended_audit_contract) ... ok
test_strict_pass_requires_upstream_anchor_support (_sbtl_workflow_test_104_test_review_4945713246_contracts.Review4945713246Contracts.test_strict_pass_requires_upstream_anchor_support) ... ok
test_unhashable_review_gate_enums_fail_closed_before_membership (_sbtl_workflow_test_104_test_review_4945713246_contracts.Review4945713246Contracts.test_unhashable_review_gate_enums_fail_closed_before_membership) ... ok
test_legacy_keep_rejects_non_object_rows (_sbtl_workflow_test_105_test_review_4945752093_contracts.Review4945752093Contracts.test_legacy_keep_rejects_non_object_rows) ... ok
test_preserved_source_cluster_is_required_and_structured (_sbtl_workflow_test_105_test_review_4945752093_contracts.Review4945752093Contracts.test_preserved_source_cluster_is_required_and_structured) ... ok
test_remaining_unhashable_enum_operands_fail_closed (_sbtl_workflow_test_105_test_review_4945752093_contracts.Review4945752093Contracts.test_remaining_unhashable_enum_operands_fail_closed) ... ok
test_strict_ledger_uses_decision_vocabulary_not_editorial_bucket (_sbtl_workflow_test_105_test_review_4945752093_contracts.Review4945752093Contracts.test_strict_ledger_uses_decision_vocabulary_not_editorial_bucket) ... ok
test_explicit_blocked_status_prevents_stage_b_certification (_sbtl_workflow_test_106_test_review_4945805914_contracts.Review4945805914Contracts.test_explicit_blocked_status_prevents_stage_b_certification) ... ok
test_original_status_counts_must_match_ledger_upstream_statuses (_sbtl_workflow_test_106_test_review_4945805914_contracts.Review4945805914Contracts.test_original_status_counts_must_match_ledger_upstream_statuses) ... ok
test_preserved_cluster_must_cover_strict_source_story_ids (_sbtl_workflow_test_106_test_review_4945805914_contracts.Review4945805914Contracts.test_preserved_cluster_must_cover_strict_source_story_ids) ... ok
test_repository_source_prompt_digest_must_match_file (_sbtl_workflow_test_106_test_review_4945805914_contracts.Review4945805914Contracts.test_repository_source_prompt_digest_must_match_file) ... ok
test_strict_spec_cannot_still_need_review (_sbtl_workflow_test_106_test_review_4945805914_contracts.Review4945805914Contracts.test_strict_spec_cannot_still_need_review) ... ok
test_apply_gate_has_historical_v1_audit_only_exception (_sbtl_workflow_test_107_test_review_5077744200_contracts.Review5077744200Contracts.test_apply_gate_has_historical_v1_audit_only_exception) ... ok
test_downstream_stage_gates_require_passing_values (_sbtl_workflow_test_107_test_review_5077744200_contracts.Review5077744200Contracts.test_downstream_stage_gates_require_passing_values) ... ok
test_insert_source_identity_is_one_to_one (_sbtl_workflow_test_107_test_review_5077744200_contracts.Review5077744200Contracts.test_insert_source_identity_is_one_to_one) ... ok
test_js_gate_delegates_authoritative_baseline_and_related_binding (_sbtl_workflow_test_107_test_review_5077744200_contracts.Review5077744200Contracts.test_js_gate_delegates_authoritative_baseline_and_related_binding) ... ok
test_related_add_semantics_are_bound_to_reviewed_lineage (_sbtl_workflow_test_107_test_review_5077744200_contracts.Review5077744200Contracts.test_related_add_semantics_are_bound_to_reviewed_lineage) ... ok
test_resolved_remediation_set_may_be_empty (_sbtl_workflow_test_107_test_review_5077744200_contracts.Review5077744200Contracts.test_resolved_remediation_set_may_be_empty) ... ok
test_update_cannot_rewrite_source_identity (_sbtl_workflow_test_107_test_review_5077744200_contracts.Review5077744200Contracts.test_update_cannot_rewrite_source_identity) ... ok
test_06_false_component_and_hold_values_fail_closed (_sbtl_workflow_test_108_test_review_5078405029_contracts.Review5078405029ContractsTest.test_06_false_component_and_hold_values_fail_closed) ... ok
test_06_positive_values_pass (_sbtl_workflow_test_108_test_review_5078405029_contracts.Review5078405029ContractsTest.test_06_positive_values_pass) ... ok
test_apply_workflow_delegates_post_resolution_08_gate_to_executable_runtime (_sbtl_workflow_test_108_test_review_5078405029_contracts.Review5078405029ContractsTest.test_apply_workflow_delegates_post_resolution_08_gate_to_executable_runtime) ... ok
test_manual_direct_add_schema_and_runtime_reject_noop (_sbtl_workflow_test_108_test_review_5078405029_contracts.Review5078405029ContractsTest.test_manual_direct_add_schema_and_runtime_reject_noop) ... ok
test_prompt_08_requires_bound_audit_artifact_and_json_scope (_sbtl_workflow_test_108_test_review_5078405029_contracts.Review5078405029ContractsTest.test_prompt_08_requires_bound_audit_artifact_and_json_scope) ... ok
test_shared_coverage_contract_changes_trigger_both_workflows (_sbtl_workflow_test_108_test_review_5078405029_contracts.Review5078405029ContractsTest.test_shared_coverage_contract_changes_trigger_both_workflows) ... ok
test_apply_workflow_delegates_audit_dispatch_and_exact_operation_item_set (_sbtl_workflow_test_109_test_review_639c7b_followup_contracts.LatestPrompt08AndHistoricalV1Review.test_apply_workflow_delegates_audit_dispatch_and_exact_operation_item_set) ... ok
test_apply_workflow_historical_v1_exception_uses_shared_classifier (_sbtl_workflow_test_109_test_review_639c7b_followup_contracts.LatestPrompt08AndHistoricalV1Review.test_apply_workflow_historical_v1_exception_uses_shared_classifier) ... ok
test_duplicate_stage_identity_is_rejected_and_every_row_is_validated (_sbtl_workflow_test_109_test_review_639c7b_followup_contracts.LatestPrompt08AndHistoricalV1Review.test_duplicate_stage_identity_is_rejected_and_every_row_is_validated) ... ok
test_scalar_only_prompt_08_gates_are_rejected (_sbtl_workflow_test_109_test_review_639c7b_followup_contracts.LatestPrompt08AndHistoricalV1Review.test_scalar_only_prompt_08_gates_are_rejected) ... ok
test_schema_workflow_uses_same_shared_v1_classifier (_sbtl_workflow_test_109_test_review_639c7b_followup_contracts.LatestPrompt08AndHistoricalV1Review.test_schema_workflow_uses_same_shared_v1_classifier) ... ok
test_structured_prompt_08_gates_still_pass (_sbtl_workflow_test_109_test_review_639c7b_followup_contracts.LatestPrompt08AndHistoricalV1Review.test_structured_prompt_08_gates_still_pass) ... ok
test_boolean_baseline_change_is_rejected (_sbtl_workflow_test_110_test_review_baseline_uncertainty_contracts.TestLatestBaselineUncertaintyContracts.test_boolean_baseline_change_is_rejected) ... ok
test_item_specific_baseline_change_narrative_passes (_sbtl_workflow_test_110_test_review_baseline_uncertainty_contracts.TestLatestBaselineUncertaintyContracts.test_item_specific_baseline_change_narrative_passes) ... ok
test_placeholder_baseline_change_is_rejected (_sbtl_workflow_test_110_test_review_baseline_uncertainty_contracts.TestLatestBaselineUncertaintyContracts.test_placeholder_baseline_change_is_rejected) ... ok
test_bound_corporate_names_remain_valid (_sbtl_workflow_test_112_test_review_latest_related_subject_contracts.TestLatestRelatedSubjectRegressions.test_bound_corporate_names_remain_valid) ... ok
test_capitalized_metric_tokens_are_not_class_identifiers (_sbtl_workflow_test_112_test_review_latest_related_subject_contracts.TestLatestRelatedSubjectRegressions.test_capitalized_metric_tokens_are_not_class_identifiers) ... ok
test_concrete_labels_with_comparative_scopes_remain_valid (_sbtl_workflow_test_112_test_review_latest_related_subject_contracts.TestLatestRelatedSubjectRegressions.test_concrete_labels_with_comparative_scopes_remain_valid) ... ok
test_generic_corporate_suffixes_do_not_promote_modifiers (_sbtl_workflow_test_112_test_review_latest_related_subject_contracts.TestLatestRelatedSubjectRegressions.test_generic_corporate_suffixes_do_not_promote_modifiers) ... ok
test_recurring_period_adjectives_scope_named_metrics (_sbtl_workflow_test_112_test_review_latest_related_subject_contracts.TestLatestRelatedSubjectRegressions.test_recurring_period_adjectives_scope_named_metrics) ... ok
test_spelled_out_percentages_are_measured_values (_sbtl_workflow_test_112_test_review_latest_related_subject_contracts.TestLatestRelatedSubjectRegressions.test_spelled_out_percentages_are_measured_values) ... ok
test_standalone_fiscal_period_terms_are_not_entities (_sbtl_workflow_test_112_test_review_latest_related_subject_contracts.TestLatestRelatedSubjectRegressions.test_standalone_fiscal_period_terms_are_not_entities) ... ok
test_title_case_modifier_pairs_do_not_become_entities (_sbtl_workflow_test_112_test_review_latest_related_subject_contracts.TestLatestRelatedSubjectRegressions.test_title_case_modifier_pairs_do_not_become_entities) ... ok
test_unregistered_titlecase_modifiers_need_affirmative_name_cue (_sbtl_workflow_test_112_test_review_latest_related_subject_contracts.TestLatestRelatedSubjectRegressions.test_unregistered_titlecase_modifiers_need_affirmative_name_cue) ... ok
test_unseen_single_token_company_names_are_supported (_sbtl_workflow_test_112_test_review_latest_related_subject_contracts.TestLatestRelatedSubjectRegressions.test_unseen_single_token_company_names_are_supported) ... ok
test_uppercase_class_identifier_is_not_the_neutral_article (_sbtl_workflow_test_112_test_review_latest_related_subject_contracts.TestLatestRelatedSubjectRegressions.test_uppercase_class_identifier_is_not_the_neutral_article) ... ok
test_clean_execution_route_passes (_sbtl_workflow_test_113_test_review_latest_stage_a_routes.TestLatestStageARouteReview.test_clean_execution_route_passes) ... ok
test_exact_unlisted_and_korean_targets_pass (_sbtl_workflow_test_113_test_review_latest_stage_a_routes.TestLatestStageARouteReview.test_exact_unlisted_and_korean_targets_pass) ... ok
test_execution_route_rejects_residual_override_package (_sbtl_workflow_test_113_test_review_latest_stage_a_routes.TestLatestStageARouteReview.test_execution_route_rejects_residual_override_package) ... ok
test_execution_route_requires_explicit_false_marker (_sbtl_workflow_test_113_test_review_latest_stage_a_routes.TestLatestStageARouteReview.test_execution_route_requires_explicit_false_marker) ... ok
test_generic_target_still_fails (_sbtl_workflow_test_113_test_review_latest_stage_a_routes.TestLatestStageARouteReview.test_generic_target_still_fails) ... ok
test_strict_recompute_preserves_complete_exception (_sbtl_workflow_test_114_test_review_round2.BoundedExceptionTest.test_strict_recompute_preserves_complete_exception) ... ok
test_strict_recompute_rejects_incomplete_legacy_exception (_sbtl_workflow_test_114_test_review_round2.BoundedExceptionTest.test_strict_recompute_rejects_incomplete_legacy_exception) ... ok
test_evidence_validator_accepts_owners_above_domains (_sbtl_workflow_test_114_test_review_round2.DomainOwnerSemanticsTest.test_evidence_validator_accepts_owners_above_domains) ... ok
test_multiple_owners_may_share_one_domain (_sbtl_workflow_test_114_test_review_round2.DomainOwnerSemanticsTest.test_multiple_owners_may_share_one_domain) ... ok
test_each_scoped_validator_fails_bad_scope (_sbtl_workflow_test_114_test_review_round2.ExactScopeTest.test_each_scoped_validator_fails_bad_scope) ... ok
test_scope_accepts_exact_and_rejects_empty_zero_partial (_sbtl_workflow_test_114_test_review_round2.ExactScopeTest.test_scope_accepts_exact_and_rejects_empty_zero_partial) ... ok
test_article_paths_below_collection_roots_remain_valid (_sbtl_workflow_test_115_test_review_round4.DurableEvidenceEndpointTest.test_article_paths_below_collection_roots_remain_valid) ... ok
test_evidence_validator_blocks_listing_endpoint_as_multi_source (_sbtl_workflow_test_115_test_review_round4.DurableEvidenceEndpointTest.test_evidence_validator_blocks_listing_endpoint_as_multi_source) ... ok
test_listing_source_is_excluded_from_diversity_counts (_sbtl_workflow_test_115_test_review_round4.DurableEvidenceEndpointTest.test_listing_source_is_excluded_from_diversity_counts) ... ok
test_search_listing_and_category_endpoints_are_rejected (_sbtl_workflow_test_115_test_review_round4.DurableEvidenceEndpointTest.test_search_listing_and_category_endpoints_are_rejected) ... ok
test_compliant_singular_draft_card_passes (_sbtl_workflow_test_115_test_review_round4.SingularStageBArtifactTest.test_compliant_singular_draft_card_passes) ... ok
test_noncompliant_singular_draft_card_is_collected_and_blocked (_sbtl_workflow_test_115_test_review_round4.SingularStageBArtifactTest.test_noncompliant_singular_draft_card_is_collected_and_blocked) ... ok
test_anti_bias_metadata_must_be_object (_sbtl_workflow_test_116_test_stage_a_full_v3_artifact_completeness.TestStageAFullV3ArtifactCompleteness.test_anti_bias_metadata_must_be_object) ... ok
test_candidate_pool_container_must_be_array (_sbtl_workflow_test_116_test_stage_a_full_v3_artifact_completeness.TestStageAFullV3ArtifactCompleteness.test_candidate_pool_container_must_be_array) ... ok
test_complete_full_artifact_passes (_sbtl_workflow_test_116_test_stage_a_full_v3_artifact_completeness.TestStageAFullV3ArtifactCompleteness.test_complete_full_artifact_passes) ... ok
test_decision_ledger_is_required_and_complete (_sbtl_workflow_test_116_test_stage_a_full_v3_artifact_completeness.TestStageAFullV3ArtifactCompleteness.test_decision_ledger_is_required_and_complete) ... ok
test_full_artifact_markers_cannot_disable_completeness (_sbtl_workflow_test_116_test_stage_a_full_v3_artifact_completeness.TestStageAFullV3ArtifactCompleteness.test_full_artifact_markers_cannot_disable_completeness) ... ok
test_missing_required_item_field_is_rejected (_sbtl_workflow_test_116_test_stage_a_full_v3_artifact_completeness.TestStageAFullV3ArtifactCompleteness.test_missing_required_item_field_is_rejected) ... ok
test_missing_summary_contract_field_is_rejected (_sbtl_workflow_test_116_test_stage_a_full_v3_artifact_completeness.TestStageAFullV3ArtifactCompleteness.test_missing_summary_contract_field_is_rejected) ... ok
test_nested_score_object_is_rejected_for_full_artifact (_sbtl_workflow_test_116_test_stage_a_full_v3_artifact_completeness.TestStageAFullV3ArtifactCompleteness.test_nested_score_object_is_rejected_for_full_artifact) ... ok
test_strict_failed_gates_are_rejected (_sbtl_workflow_test_116_test_stage_a_full_v3_artifact_completeness.TestStageAFullV3ArtifactCompleteness.test_strict_failed_gates_are_rejected) ... ok
test_summary_counts_are_reconciled (_sbtl_workflow_test_116_test_stage_a_full_v3_artifact_completeness.TestStageAFullV3ArtifactCompleteness.test_summary_counts_are_reconciled) ... ok
test_technology_stage_cap_is_enforced (_sbtl_workflow_test_116_test_stage_a_full_v3_artifact_completeness.TestStageAFullV3ArtifactCompleteness.test_technology_stage_cap_is_enforced) ... ok
test_dual_route_remains_invalid (_sbtl_workflow_test_117_test_stage_a_v3_route_alignment.TestStageAV3RouteAlignment.test_dual_route_remains_invalid) ... ok
test_execution_route_rejects_true_override_only_metadata (_sbtl_workflow_test_117_test_stage_a_v3_route_alignment.TestStageAV3RouteAlignment.test_execution_route_rejects_true_override_only_metadata) ... ok
test_execution_route_requires_every_shared_v3_field (_sbtl_workflow_test_117_test_stage_a_v3_route_alignment.TestStageAV3RouteAlignment.test_execution_route_requires_every_shared_v3_field) ... ok
test_execution_route_requires_execution_event_anchor_class (_sbtl_workflow_test_117_test_stage_a_v3_route_alignment.TestStageAV3RouteAlignment.test_execution_route_requires_execution_event_anchor_class) ... ok
test_execution_route_requires_explicit_false_marker (_sbtl_workflow_test_117_test_stage_a_v3_route_alignment.TestStageAV3RouteAlignment.test_execution_route_requires_explicit_false_marker) ... ok
test_format_risk_execution_route_retains_shared_v3_metadata (_sbtl_workflow_test_117_test_stage_a_v3_route_alignment.TestStageAV3RouteAlignment.test_format_risk_execution_route_retains_shared_v3_metadata) ... ok
test_malformed_format_risk_tags_are_not_sanitized (_sbtl_workflow_test_117_test_stage_a_v3_route_alignment.TestStageAV3RouteAlignment.test_malformed_format_risk_tags_are_not_sanitized) ... ok
test_non_execution_route_rejects_duplicate_anchor_classes (_sbtl_workflow_test_117_test_stage_a_v3_route_alignment.TestStageAV3RouteAlignment.test_non_execution_route_rejects_duplicate_anchor_classes) ... ok
test_non_execution_route_rejects_falsey_noncanonical_execution_identity (_sbtl_workflow_test_117_test_stage_a_v3_route_alignment.TestStageAV3RouteAlignment.test_non_execution_route_rejects_falsey_noncanonical_execution_identity) ... ok
test_non_execution_route_requires_structural_selector_lineage (_sbtl_workflow_test_117_test_stage_a_v3_route_alignment.TestStageAV3RouteAlignment.test_non_execution_route_requires_structural_selector_lineage) ... ok
test_ordinary_non_execution_route_is_valid (_sbtl_workflow_test_117_test_stage_a_v3_route_alignment.TestStageAV3RouteAlignment.test_ordinary_non_execution_route_is_valid) ... ok
test_active_entrypoint_rejects_missing_v4_policy (_sbtl_workflow_test_118_test_stage_a_v4_contract.StageAV4MachineContractTest.test_active_entrypoint_rejects_missing_v4_policy) ... ok
test_active_entrypoint_rejects_missing_v4_route (_sbtl_workflow_test_118_test_stage_a_v4_contract.StageAV4MachineContractTest.test_active_entrypoint_rejects_missing_v4_route) ... ok
test_arbitrary_related_prepass_object_is_blocked (_sbtl_workflow_test_118_test_stage_a_v4_contract.StageAV4MachineContractTest.test_arbitrary_related_prepass_object_is_blocked) ... ok
test_execution_route_requires_execution_anchor (_sbtl_workflow_test_118_test_stage_a_v4_contract.StageAV4MachineContractTest.test_execution_route_requires_execution_anchor) ... ok
test_explicit_v3_compatibility_lane_does_not_require_v4 (_sbtl_workflow_test_118_test_stage_a_v4_contract.StageAV4MachineContractTest.test_explicit_v3_compatibility_lane_does_not_require_v4) ... ok
test_follow_up_relation_requires_fresh_anchor_evidence_question (_sbtl_workflow_test_118_test_stage_a_v4_contract.StageAV4MachineContractTest.test_follow_up_relation_requires_fresh_anchor_evidence_question) ... ok
test_no_denominator_with_two_points_and_gap_is_allowed_by_v4_gate (_sbtl_workflow_test_118_test_stage_a_v4_contract.StageAV4MachineContractTest.test_no_denominator_with_two_points_and_gap_is_allowed_by_v4_gate) ... ok
test_non_finite_breakdown_score_is_blocked (_sbtl_workflow_test_118_test_stage_a_v4_contract.StageAV4MachineContractTest.test_non_finite_breakdown_score_is_blocked) ... ok
test_non_finite_total_score_is_blocked (_sbtl_workflow_test_118_test_stage_a_v4_contract.StageAV4MachineContractTest.test_non_finite_total_score_is_blocked) ... ok
test_non_string_anchor_is_blocked_without_type_error (_sbtl_workflow_test_118_test_stage_a_v4_contract.StageAV4MachineContractTest.test_non_string_anchor_is_blocked_without_type_error) ... ok
test_score_breakdown_must_sum_to_total (_sbtl_workflow_test_118_test_stage_a_v4_contract.StageAV4MachineContractTest.test_score_breakdown_must_sum_to_total) ... ok
test_strict_duplicate_disposition_is_blocked (_sbtl_workflow_test_118_test_stage_a_v4_contract.StageAV4MachineContractTest.test_strict_duplicate_disposition_is_blocked) ... ok
test_strict_related_prepass_hold_is_blocked (_sbtl_workflow_test_118_test_stage_a_v4_contract.StageAV4MachineContractTest.test_strict_related_prepass_hold_is_blocked) ... ok
test_structural_route_cannot_claim_execution_event_anchor (_sbtl_workflow_test_118_test_stage_a_v4_contract.StageAV4MachineContractTest.test_structural_route_cannot_claim_execution_event_anchor) ... ok
test_systemic_scale_above_two_requires_denominator (_sbtl_workflow_test_118_test_stage_a_v4_contract.StageAV4MachineContractTest.test_systemic_scale_above_two_requires_denominator) ... ok
test_valid_v4_execution_spec_reaches_v3_compatibility_and_passes (_sbtl_workflow_test_118_test_stage_a_v4_contract.StageAV4MachineContractTest.test_valid_v4_execution_spec_reaches_v3_compatibility_and_passes) ... ok
test_historical_v3_boolean_semantics_are_preserved (_sbtl_workflow_test_119_test_stage_a_v4_denominator_gap_compat.TestStageAV4DenominatorGapCompatibility.test_historical_v3_boolean_semantics_are_preserved) ... ok
test_v4_with_denominator_requires_empty_gap (_sbtl_workflow_test_119_test_stage_a_v4_denominator_gap_compat.TestStageAV4DenominatorGapCompatibility.test_v4_with_denominator_requires_empty_gap) ... ok
test_v4_without_denominator_requires_explanatory_text (_sbtl_workflow_test_119_test_stage_a_v4_denominator_gap_compat.TestStageAV4DenominatorGapCompatibility.test_v4_without_denominator_requires_explanatory_text) ... ok
test_missing_denominator_caps_systemic_scale (_sbtl_workflow_test_120_test_stage_a_v4_hardening.StageAV4HardeningTests.test_missing_denominator_caps_systemic_scale) ... ok
test_no_duplicate_disposition_cannot_hide_duplicate_candidate (_sbtl_workflow_test_120_test_stage_a_v4_hardening.StageAV4HardeningTests.test_no_duplicate_disposition_cannot_hide_duplicate_candidate) ... ok
test_novelty_cap_blocks_repeated_announcement (_sbtl_workflow_test_120_test_stage_a_v4_hardening.StageAV4HardeningTests.test_novelty_cap_blocks_repeated_announcement) ... ok
test_policy_anchor_requires_stage (_sbtl_workflow_test_120_test_stage_a_v4_hardening.StageAV4HardeningTests.test_policy_anchor_requires_stage) ... ok
test_policy_stage_cap_blocks_over_scoring (_sbtl_workflow_test_120_test_stage_a_v4_hardening.StageAV4HardeningTests.test_policy_stage_cap_blocks_over_scoring) ... ok
test_technology_evidence_cap_blocks_over_scoring (_sbtl_workflow_test_120_test_stage_a_v4_hardening.StageAV4HardeningTests.test_technology_evidence_cap_blocks_over_scoring) ... ok
test_valid_unconstrained_spec_passes (_sbtl_workflow_test_120_test_stage_a_v4_hardening.StageAV4HardeningTests.test_valid_unconstrained_spec_passes) ... ok
test_explicit_historical_v3_lane_preserves_original_fixture (_sbtl_workflow_test_121_test_stage_a_v4_required_docs_authority.StageAV4RequiredDocsAuthorityTest.test_explicit_historical_v3_lane_preserves_original_fixture) ... ok
test_missing_current_active_mandatory_doc_fails_closed (_sbtl_workflow_test_121_test_stage_a_v4_required_docs_authority.StageAV4RequiredDocsAuthorityTest.test_missing_current_active_mandatory_doc_fails_closed) ... ok
test_private_v3_projection_is_non_mutating_and_not_authority (_sbtl_workflow_test_121_test_stage_a_v4_required_docs_authority.StageAV4RequiredDocsAuthorityTest.test_private_v3_projection_is_non_mutating_and_not_authority) ... ok
test_public_active_entrypoint_also_passes_clean_full_artifact (_sbtl_workflow_test_121_test_stage_a_v4_required_docs_authority.StageAV4RequiredDocsAuthorityTest.test_public_active_entrypoint_also_passes_clean_full_artifact) ... ok
test_retired_v3_policy_cannot_be_claimed_as_active_authority (_sbtl_workflow_test_121_test_stage_a_v4_required_docs_authority.StageAV4RequiredDocsAuthorityTest.test_retired_v3_policy_cannot_be_claimed_as_active_authority) ... ok
test_v4_full_artifact_passes_without_retired_v3_authority (_sbtl_workflow_test_121_test_stage_a_v4_required_docs_authority.StageAV4RequiredDocsAuthorityTest.test_v4_full_artifact_passes_without_retired_v3_authority) ... ok
test_historical_v3_artifact_keeps_historical_version (_sbtl_workflow_test_122_test_stage_a_v4_source_prompt_version_compat.TestStageAV4SourcePromptVersionCompatibility.test_historical_v3_artifact_keeps_historical_version) ... ok
test_v4_candidate_requires_active_v4_prompt_version (_sbtl_workflow_test_122_test_stage_a_v4_source_prompt_version_compat.TestStageAV4SourcePromptVersionCompatibility.test_v4_candidate_requires_active_v4_prompt_version) ... ok
test_v4_review_only_artifact_also_requires_v4_version (_sbtl_workflow_test_122_test_stage_a_v4_source_prompt_version_compat.TestStageAV4SourcePromptVersionCompatibility.test_v4_review_only_artifact_also_requires_v4_version) ... ok
test_revise_prompt_preserves_integrated_selection_and_related_questions (_sbtl_workflow_test_123_test_stage_b_revise_canonical_lineage_contract.StageBReviseCanonicalLineageContractTest.test_revise_prompt_preserves_integrated_selection_and_related_questions) ... ok
test_stage_lineage_schema_owns_v4_stage_a_lineage (_sbtl_workflow_test_123_test_stage_b_revise_canonical_lineage_contract.StageBReviseCanonicalLineageContractTest.test_stage_lineage_schema_owns_v4_stage_a_lineage) ... ok
test_workflow_keeps_02r_conditional_not_mandatory (_sbtl_workflow_test_123_test_stage_b_revise_canonical_lineage_contract.StageBReviseCanonicalLineageContractTest.test_workflow_keeps_02r_conditional_not_mandatory) ... ok
test_temporary_patch_machinery_is_removed (_sbtl_workflow_test_125_test_structural_v3_review_4838393180.StructuralV3Review4838393180Tests.test_temporary_patch_machinery_is_removed) ... ok
test_residual_execution_only_guard_is_absent (_sbtl_workflow_test_126_test_structural_v3_review_4839334318.StructuralV3Review4839334318Tests.test_residual_execution_only_guard_is_absent) ... ok
test_aligned_projection_has_no_drift (_sbtl_workflow_test_128_test_v3_contract.CanonicalV3ContractTests.test_aligned_projection_has_no_drift) ... ok
test_canonical_contract_is_self_consistent (_sbtl_workflow_test_128_test_v3_contract.CanonicalV3ContractTests.test_canonical_contract_is_self_consistent) ... ok
test_drift_is_reported (_sbtl_workflow_test_128_test_v3_contract.CanonicalV3ContractTests.test_drift_is_reported) ... ok
test_duplicate_enum_is_rejected (_sbtl_workflow_test_128_test_v3_contract.CanonicalV3ContractTests.test_duplicate_enum_is_rejected) ... ok
test_empty_route_value_cannot_be_loosened (_sbtl_workflow_test_128_test_v3_contract.CanonicalV3ContractTests.test_empty_route_value_cannot_be_loosened) ... ok
test_exactly_one_route_and_expected_route_names (_sbtl_workflow_test_128_test_v3_contract.CanonicalV3ContractTests.test_exactly_one_route_and_expected_route_names) ... ok
test_execution_route_required_fields_cannot_drift (_sbtl_workflow_test_128_test_v3_contract.CanonicalV3ContractTests.test_execution_route_required_fields_cannot_drift) ... ok
test_missing_override_field_is_rejected (_sbtl_workflow_test_128_test_v3_contract.CanonicalV3ContractTests.test_missing_override_field_is_rejected) ... ok
test_positive_route_property_schemas_cannot_be_loosened (_sbtl_workflow_test_128_test_v3_contract.CanonicalV3ContractTests.test_positive_route_property_schemas_cannot_be_loosened) ... ok
test_public_validator_has_no_drift (_sbtl_workflow_test_128_test_v3_contract.CanonicalV3ContractTests.test_public_validator_has_no_drift) ... ok
test_route_definitions_remain_object_only (_sbtl_workflow_test_128_test_v3_contract.CanonicalV3ContractTests.test_route_definitions_remain_object_only) ... ok
test_route_reference_drift_is_rejected (_sbtl_workflow_test_128_test_v3_contract.CanonicalV3ContractTests.test_route_reference_drift_is_rejected) ... ok
test_route_residual_fields_are_empty_only (_sbtl_workflow_test_128_test_v3_contract.CanonicalV3ContractTests.test_route_residual_fields_are_empty_only) ... ok
test_shared_strict_fields_are_required_on_both_routes (_sbtl_workflow_test_128_test_v3_contract.CanonicalV3ContractTests.test_shared_strict_fields_are_required_on_both_routes) ... ok
test_structured_target_definitions_cannot_be_loosened (_sbtl_workflow_test_128_test_v3_contract.CanonicalV3ContractTests.test_structured_target_definitions_cannot_be_loosened) ... ok
test_execution_route_reaches_production_verification (_sbtl_workflow_test_129_test_v3_stage_contract_flow.V3StageContractFlowTests.test_execution_route_reaches_production_verification) ... ok
test_generated_operational_flow_is_current (_sbtl_workflow_test_129_test_v3_stage_contract_flow.V3StageContractFlowTests.test_generated_operational_flow_is_current) ... ok
test_malformed_route_package_fails_closed (_sbtl_workflow_test_129_test_v3_stage_contract_flow.V3StageContractFlowTests.test_malformed_route_package_fails_closed) ... ok
test_non_execution_route_reaches_production_verification (_sbtl_workflow_test_129_test_v3_stage_contract_flow.V3StageContractFlowTests.test_non_execution_route_reaches_production_verification) ... ok
test_preserved_field_mutation_is_rejected (_sbtl_workflow_test_129_test_v3_stage_contract_flow.V3StageContractFlowTests.test_preserved_field_mutation_is_rejected) ... ok
test_required_empty_execution_field_presence_change_is_rejected (_sbtl_workflow_test_129_test_v3_stage_contract_flow.V3StageContractFlowTests.test_required_empty_execution_field_presence_change_is_rejected) ... ok
test_required_execution_field_removal_fails_closed (_sbtl_workflow_test_129_test_v3_stage_contract_flow.V3StageContractFlowTests.test_required_execution_field_removal_fails_closed) ... ok
test_route_switch_is_rejected (_sbtl_workflow_test_129_test_v3_stage_contract_flow.V3StageContractFlowTests.test_route_switch_is_rejected) ... ok
test_all_operational_prompt_stages_are_projected (_sbtl_workflow_test_130_test_v3_stage_contracts.V3StageContractGenerationTests.test_all_operational_prompt_stages_are_projected) ... ok
test_checked_in_projection_matches_canonical_schema (_sbtl_workflow_test_130_test_v3_stage_contracts.V3StageContractGenerationTests.test_checked_in_projection_matches_canonical_schema) ... ok
test_explicit_empty_projection_is_rejected (_sbtl_workflow_test_130_test_v3_stage_contracts.V3StageContractGenerationTests.test_explicit_empty_projection_is_rejected) ... ok
test_public_stage_a_validator_consumes_generated_constants (_sbtl_workflow_test_130_test_v3_stage_contracts.V3StageContractGenerationTests.test_public_stage_a_validator_consumes_generated_constants) ... ok
test_public_validator_import_is_location_independent (_sbtl_workflow_test_130_test_v3_stage_contracts.V3StageContractGenerationTests.test_public_validator_import_is_location_independent) ... ok
test_route_package_fields_cover_both_routes (_sbtl_workflow_test_130_test_v3_stage_contracts.V3StageContractGenerationTests.test_route_package_fields_cover_both_routes) ... ok
test_tampered_generated_projection_is_rejected (_sbtl_workflow_test_130_test_v3_stage_contracts.V3StageContractGenerationTests.test_tampered_generated_projection_is_rejected) ... ok
test_active_stage_a_validator_closure_is_machine_registered (_sbtl_workflow_test_131_test_v4_runtime_manifest_stage_a_closure.TestV4RuntimeManifestStageAClosure.test_active_stage_a_validator_closure_is_machine_registered) ... ok
test_addability_is_not_lineage_origin (_sbtl_workflow_test_132_test_workflow_contracts.WorkflowV4ArchitectureTests.test_addability_is_not_lineage_origin) ... ok
test_direct_add_v2_machine_schema (_sbtl_workflow_test_132_test_workflow_contracts.WorkflowV4ArchitectureTests.test_direct_add_v2_machine_schema) ... ok
test_legacy_overlay_guard (_sbtl_workflow_test_132_test_workflow_contracts.WorkflowV4ArchitectureTests.test_legacy_overlay_guard) ... ok
test_master_prompt_is_launcher (_sbtl_workflow_test_132_test_workflow_contracts.WorkflowV4ArchitectureTests.test_master_prompt_is_launcher) ... ok
test_registry_has_clean_named_stage_model (_sbtl_workflow_test_132_test_workflow_contracts.WorkflowV4ArchitectureTests.test_registry_has_clean_named_stage_model) ... ok
test_revise_loops_are_conditional_and_bounded (_sbtl_workflow_test_132_test_workflow_contracts.WorkflowV4ArchitectureTests.test_revise_loops_are_conditional_and_bounded) ... ok
test_stage_a_embeds_news_value_and_related (_sbtl_workflow_test_132_test_workflow_contracts.WorkflowV4ArchitectureTests.test_stage_a_embeds_news_value_and_related) ... ok
test_v4_architecture_script (_sbtl_workflow_test_132_test_workflow_contracts.WorkflowV4ArchitectureTests.test_v4_architecture_script) ... ok
test_blank_source_url_is_not_counted_as_diversity (_sbtl_workflow_test_133_test_workflow_machine_regressions.AuditUtilsTest.test_blank_source_url_is_not_counted_as_diversity) ... ok
test_canonical_url_removes_tracking_and_mobile_prefix (_sbtl_workflow_test_133_test_workflow_machine_regressions.AuditUtilsTest.test_canonical_url_removes_tracking_and_mobile_prefix) ... ok
test_conditional_syndication_registry (_sbtl_workflow_test_133_test_workflow_machine_regressions.AuditUtilsTest.test_conditional_syndication_registry) ... ok
test_domain_and_owner_are_distinct_concepts (_sbtl_workflow_test_133_test_workflow_machine_regressions.AuditUtilsTest.test_domain_and_owner_are_distinct_concepts) ... ok
test_landing_page (_sbtl_workflow_test_133_test_workflow_machine_regressions.AuditUtilsTest.test_landing_page) ... ok
test_follow_up_requires_anchor (_sbtl_workflow_test_133_test_workflow_machine_regressions.DateRoleContractTest.test_follow_up_requires_anchor) ... ok
test_valid_date_role (_sbtl_workflow_test_133_test_workflow_machine_regressions.DateRoleContractTest.test_valid_date_role) ... ok
test_distinct_follow_up_rejects_invalid_anchor_class (_sbtl_workflow_test_133_test_workflow_machine_regressions.RelatedContractTest.test_distinct_follow_up_rejects_invalid_anchor_class) ... ok
test_distinct_follow_up_requires_changed_judgment (_sbtl_workflow_test_133_test_workflow_machine_regressions.RelatedContractTest.test_distinct_follow_up_requires_changed_judgment) ... ok
test_distinct_follow_up_requires_incremental_fact (_sbtl_workflow_test_133_test_workflow_machine_regressions.RelatedContractTest.test_distinct_follow_up_requires_incremental_fact) ... ok
test_distinct_follow_up_requires_valid_anchor_class (_sbtl_workflow_test_133_test_workflow_machine_regressions.RelatedContractTest.test_distinct_follow_up_requires_valid_anchor_class) ... ok
test_duplicate_cannot_publish (_sbtl_workflow_test_133_test_workflow_machine_regressions.RelatedContractTest.test_duplicate_cannot_publish) ... ok
test_legacy_mode_does_not_require_v2_follow_up_fields (_sbtl_workflow_test_133_test_workflow_machine_regressions.RelatedContractTest.test_legacy_mode_does_not_require_v2_follow_up_fields) ... ok
test_legacy_mode_still_requires_fresh_follow_up_anchor (_sbtl_workflow_test_133_test_workflow_machine_regressions.RelatedContractTest.test_legacy_mode_still_requires_fresh_follow_up_anchor) ... ok
test_non_cardable_relation_rejected_before_publish_state (_sbtl_workflow_test_133_test_workflow_machine_regressions.RelatedContractTest.test_non_cardable_relation_rejected_before_publish_state) ... ok
test_strict_contract_requires_review_flags (_sbtl_workflow_test_133_test_workflow_machine_regressions.RelatedContractTest.test_strict_contract_requires_review_flags) ... ok
test_unrelated_must_not_have_related (_sbtl_workflow_test_133_test_workflow_machine_regressions.RelatedContractTest.test_unrelated_must_not_have_related) ... ok
test_valid_follow_up (_sbtl_workflow_test_133_test_workflow_machine_regressions.RelatedContractTest.test_valid_follow_up) ... ok
test_recompute_preserves_rejected_discovery_rows (_sbtl_workflow_test_133_test_workflow_machine_regressions.SourceAuditRecomputeTest.test_recompute_preserves_rejected_discovery_rows) ... ok
test_scope_passes_when_all_ids_match (_sbtl_workflow_test_133_test_workflow_machine_regressions.SuiteScopeTest.test_scope_passes_when_all_ids_match) ... ok
test_scope_rejects_empty_id_file (_sbtl_workflow_test_133_test_workflow_machine_regressions.SuiteScopeTest.test_scope_rejects_empty_id_file) ... ok
test_scope_rejects_zero_matches (_sbtl_workflow_test_133_test_workflow_machine_regressions.SuiteScopeTest.test_scope_rejects_zero_matches) ... ok
test_scope_requires_all_requested_ids_to_exist (_sbtl_workflow_test_133_test_workflow_machine_regressions.SuiteScopeTest.test_scope_requires_all_requested_ids_to_exist) ... ok
test_2026_08_26_historical_run_remains_card_run_v1_schema_compatible (_sbtl_workflow_test_134_test_workflow_v4_coverage_axes_contract.WorkflowV4CoverageAxesContractTest.test_2026_08_26_historical_run_remains_card_run_v1_schema_compatible) ... ok
test_active_js_validators_consume_shared_contract_without_literals (_sbtl_workflow_test_134_test_workflow_v4_coverage_axes_contract.WorkflowV4CoverageAxesContractTest.test_active_js_validators_consume_shared_contract_without_literals) ... ok
test_corrupt_shared_axes_contract_is_normalized_without_touching_tracked_file (_sbtl_workflow_test_134_test_workflow_v4_coverage_axes_contract.WorkflowV4CoverageAxesContractTest.test_corrupt_shared_axes_contract_is_normalized_without_touching_tracked_file) ... ok
test_python_binding_loads_contract_lazily (_sbtl_workflow_test_134_test_workflow_v4_coverage_axes_contract.WorkflowV4CoverageAxesContractTest.test_python_binding_loads_contract_lazily) ... ok
test_shared_axes_contract_is_well_formed (_sbtl_workflow_test_134_test_workflow_v4_coverage_axes_contract.WorkflowV4CoverageAxesContractTest.test_shared_axes_contract_is_well_formed) ... ok
test_shared_js_loader_is_lazy_and_fail_closed_at_call_site (_sbtl_workflow_test_134_test_workflow_v4_coverage_axes_contract.WorkflowV4CoverageAxesContractTest.test_shared_js_loader_is_lazy_and_fail_closed_at_call_site) ... ok
test_v4_production_binding_still_requires_insert_source_spec_id (_sbtl_workflow_test_134_test_workflow_v4_coverage_axes_contract.WorkflowV4CoverageAxesContractTest.test_v4_production_binding_still_requires_insert_source_spec_id) ... ok

----------------------------------------------------------------------
Ran 709 tests in 4.614s

OK
WORKFLOW_TEST_CLASSIFICATION_V4
- discovered_test_files: 135
- broad_legacy_filename_exclusions: 0
- active_test_cases: 709
- exact_retired_snapshot_cases: 42
- exact_v3_compat_test_modules: 32
- imported_test_cases_deduplicated: 397
- production_v4_entrypoint_monkeypatches: 0
RESULT: PASS_ACTIVE_WORKFLOW_TESTS_V4
FINAL_OPS=bcf717b57b72575d9a390a1e84be266b159e8532eb3de6961637cab9f28960f6
FINAL_FULL=91cdb0761c9158267030b6ee617d9238b156bc9016cbc0e18bf7bc53fbb1cd9f
FINAL_LEAN=8772d8517c73fbe457182761e684107554f91df1196693e1f40920872aae4d9c
PASS FULL SEP7 ITEM-SPECIFIC ANCHOR REBIND VALIDATION
